[{"model": "orderbot.teleuser", "pk": 1, "fields": {"chat_id": "357468958", "name": "7", "username": "seven_old", "role": "Admin", "enabled_notice": false, "last_notice_at": null, "time_interval_days": 1}}, {"model": "orderbot.teleuser", "pk": 2, "fields": {"chat_id": "370308069", "name": "Baron", "username": "Baron358", "role": "User", "enabled_notice": false, "last_notice_at": null, "time_interval_days": 1}}, {"model": "orderbot.teleuser", "pk": 3, "fields": {"chat_id": "315043806", "name": "Rainfy", "username": "nntitest", "role": "User", "enabled_notice": false, "last_notice_at": null, "time_interval_days": 1}}, {"model": "orderbot.teleuser", "pk": 4, "fields": {"chat_id": "253442040", "name": "Abu", "username": "jaukiss", "role": "User", "enabled_notice": false, "last_notice_at": null, "time_interval_days": 1}}, {"model": "orderbot.teleuser", "pk": 5, "fields": {"chat_id": "317553802", "name": "Xeon", "username": "xeonzhang888", "role": "User", "enabled_notice": false, "last_notice_at": null, "time_interval_days": 1}}, {"model": "orderbot.teleuser", "pk": 6, "fields": {"chat_id": "354339062", "name": "joyzhu", "username": "joyzhu", "role": "User", "enabled_notice": false, "last_notice_at": null, "time_interval_days": 1}}, {"model": "orderbot.teleuser", "pk": 7, "fields": {"chat_id": "237263539", "name": "Kiwi", "username": "kiwi888", "role": "User", "enabled_notice": false, "last_notice_at": null, "time_interval_days": 1}}, {"model": "orderbot.teleuser", "pk": 8, "fields": {"chat_id": "481158790", "name": "\u5927\u53a8\u5c0f\u9171", "username": "Dcxj789", "role": "Merchant", "enabled_notice": false, "last_notice_at": null, "time_interval_days": 1}}, {"model": "orderbot.teleuser", "pk": 9, "fields": {"chat_id": "364505455", "name": "Kai", "username": null, "role": "User", "enabled_notice": false, "last_notice_at": null, "time_interval_days": 1}}, {"model": "orderbot.teleuser", "pk": 10, "fields": {"chat_id": "352769309", "name": "angus", "username": "Anghook", "role": "User", "enabled_notice": false, "last_notice_at": null, "time_interval_days": 1}}, {"model": "orderbot.teleuser", "pk": 11, "fields": {"chat_id": "363203654", "name": "Charlie yuan", "username": "Charlie168", "role": "User", "enabled_notice": false, "last_notice_at": null, "time_interval_days": 1}}, {"model": "orderbot.teleuser", "pk": 12, "fields": {"chat_id": "339439243", "name": "Hanking", "username": "hanking000", "role": "User", "enabled_notice": false, "last_notice_at": null, "time_interval_days": 1}}, {"model": "orderbot.teleuser", "pk": 13, "fields": {"chat_id": "379280521", "name": "ITGO", "username": "lakin", "role": "User", "enabled_notice": false, "last_notice_at": null, "time_interval_days": 1}}, {"model": "orderbot.teleuser", "pk": 14, "fields": {"chat_id": "352306863", "name": "Jalen", "username": "Jalen123", "role": "User", "enabled_notice": false, "last_notice_at": null, "time_interval_days": 1}}, {"model": "orderbot.teleimage", "pk": 1, "fields": {"image_id": "AgADBQADzKcxGzTBEFTExJqcoJxAgz-D0DIABAlntLAWSudGzI8BAAEC", "from_user": 1, "purpose": "Breakfast"}}, {"model": "orderbot.telegroup", "pk": 1, "fields": {"title": "test", "chat_id": "-1001113368719", "driver": 1, "address": "Marvin Makati", "phone": "09451297411", "remarks": "\u65e9\u99109:00\u524d\u9001\u5230\uff0c\u5348\u991012:00\u524d\u9001\u5230\uff0c\u8c22\u8c22", "managers": [], "images": []}}, {"model": "orderbot.telegroup", "pk": 2, "fields": {"title": "\u9504\u79be\u65e5\u5f53\u5348", "chat_id": "-1001103383804", "driver": 1, "address": "Marvin Makati", "phone": "09451297411", "remarks": "\u65e9\u99109:00\u524d\u9001\u5230\uff0c\u5348\u991012:00\u524d\u9001\u5230\uff0c\u8c22\u8c22", "managers": [], "images": []}}, {"model": "orderbot.telegroup", "pk": 3, "fields": {"title": "testbot", "chat_id": "-1001141725917", "driver": 1, "address": "Marvin Makati", "phone": "09451297411", "remarks": "\u65e9\u99109:00\u524d\u9001\u5230\uff0c\u5348\u991012:00\u524d\u9001\u5230\uff0c\u8c22\u8c22", "managers": [], "images": []}}, {"model": "orderbot.telegroup", "pk": 4, "fields": {"title": "The Legend of Tarzan", "chat_id": "-1001169358502", "driver": 9, "address": "Marvin Makati", "phone": "09955044335", "remarks": "\u65e9\u99109:00\u524d\u9001\u5230\uff0c\u5348\u991012:00\u524d\u9001\u5230\uff0c\u8c22\u8c22", "managers": [], "images": []}}, {"model": "orderbot.telegroup", "pk": 5, "fields": {"title": "\u53ea\u662f\u5305\u7f51-\u52ff\u62c9\u4eba", "chat_id": "-204707975", "driver": 6, "address": "Marvin Makati", "phone": "09955044301", "remarks": "\u65e9\u99109:00\u524d\u9001\u5230\uff0c\u5348\u991012:00\u524d\u9001\u5230\uff0c\u8c22\u8c22", "managers": [], "images": []}}, {"model": "orderbot.telemembership", "pk": 1, "fields": {"user": 1, "group": 1, "balance": "0.00"}}, {"model": "orderbot.telemembership", "pk": 2, "fields": {"user": 1, "group": 2, "balance": "106820.00"}}, {"model": "orderbot.telemembership", "pk": 3, "fields": {"user": 3, "group": 2, "balance": "10.00"}}, {"model": "orderbot.telemembership", "pk": 4, "fields": {"user": 4, "group": 2, "balance": "1585.00"}}, {"model": "orderbot.telemembership", "pk": 5, "fields": {"user": 5, "group": 2, "balance": "355.00"}}, {"model": "orderbot.telemembership", "pk": 6, "fields": {"user": 2, "group": 2, "balance": "645.00"}}, {"model": "orderbot.telemembership", "pk": 7, "fields": {"user": 6, "group": 2, "balance": "145.00"}}, {"model": "orderbot.telemembership", "pk": 8, "fields": {"user": 7, "group": 2, "balance": "405.00"}}, {"model": "orderbot.telemembership", "pk": 9, "fields": {"user": 1, "group": 3, "balance": "1330.00"}}, {"model": "orderbot.telemembership", "pk": 10, "fields": {"user": 4, "group": 3, "balance": "-240.00"}}, {"model": "orderbot.telemembership", "pk": 11, "fields": {"user": 10, "group": 4, "balance": "0.00"}}, {"model": "orderbot.telemembership", "pk": 12, "fields": {"user": 11, "group": 4, "balance": "0.00"}}, {"model": "orderbot.telemembership", "pk": 13, "fields": {"user": 6, "group": 5, "balance": "0.00"}}, {"model": "orderbot.telestore", "pk": 1, "fields": {"name": "\u5916\u5a46\u5bb6", "owner": 1, "phone": "", "address": "", "wechat_id": null, "active": true, "level": "Three", "supply_bre": true, "supply_lun": false, "supply_sup": false, "remarks": ""}}, {"model": "orderbot.telestore", "pk": 2, "fields": {"name": "\u5927\u53a8\u5c0f\u9171", "owner": 1, "phone": "", "address": "", "wechat_id": null, "active": true, "level": "Three", "supply_bre": false, "supply_lun": true, "supply_sup": false, "remarks": "\u5fc5\u987b\u9009\u4e09\u4e2a\uff0cAAA:260P AAB:220P AAC:200P ABB:200P BBB:180P ABC:160P BBC:160P BCC:160P"}}, {"model": "orderbot.telestore", "pk": 3, "fields": {"name": "\u4e5d\u4e5d\u7f8e\u98df", "owner": 1, "phone": "09166451999", "address": "", "wechat_id": "love99food", "active": true, "level": "Three", "supply_bre": true, "supply_lun": true, "supply_sup": true, "remarks": ""}}, {"model": "orderbot.telestore", "pk": 4, "fields": {"name": "\u4e09\u56fd\u5192\u83dc", "owner": 1, "phone": "09950154339", "address": "", "wechat_id": null, "active": true, "level": "Three", "supply_bre": false, "supply_lun": true, "supply_sup": true, "remarks": "\u5957\u9910+\u4efb\u4e00\u4e3b\u98df"}}, {"model": "orderbot.telestore", "pk": 5, "fields": {"name": "\u5c0f\u53ee\u5f53", "owner": 1, "phone": "09565681777", "address": "", "wechat_id": "xiaodingdangmiandian", "active": true, "level": "Three", "supply_bre": true, "supply_lun": false, "supply_sup": false, "remarks": ""}}, {"model": "orderbot.telestore", "pk": 6, "fields": {"name": "\u4e1c\u5317\u5c0f\u65f6\u4ee3", "owner": 1, "phone": "09152496360", "address": "", "wechat_id": "dbxiaoshidai", "active": true, "level": "Three", "supply_bre": true, "supply_lun": true, "supply_sup": false, "remarks": ""}}, {"model": "orderbot.telestore", "pk": 7, "fields": {"name": "\u6e58\u5473\u5c0f\u53a8", "owner": 1, "phone": "", "address": "", "wechat_id": null, "active": true, "level": "Three", "supply_bre": false, "supply_lun": true, "supply_sup": false, "remarks": "\u4e00\u8364\u4e8c\u7d20\uff1a150p \u4e8c\u8364\u4e00\u7d20\uff1a200p \u4e09\u8364\uff1a230p"}}, {"model": "orderbot.teleproduct", "pk": 1, "fields": {"name": "\u8c46\u6d46", "code": "", "price": "40.00", "is_union_price": false, "category": "0", "store": 1, "role": "Breakfast", "enabled_day": 0}}, {"model": "orderbot.teleproduct", "pk": 2, "fields": {"name": "\u6c34\u714e\u5305", "code": "", "price": "40.00", "is_union_price": false, "category": "0", "store": 1, "role": "Breakfast", "enabled_day": 0}}, {"model": "orderbot.teleproduct", "pk": 3, "fields": {"name": "\u83dc\u9677\u5305\u5b50", "code": "", "price": "40.00", "is_union_price": false, "category": "0", "store": 1, "role": "Breakfast", "enabled_day": 0}}, {"model": "orderbot.teleproduct", "pk": 4, "fields": {"name": "\u8c46\u6c99\u5305\u5b50", "code": "", "price": "40.00", "is_union_price": false, "category": "0", "store": 1, "role": "Breakfast", "enabled_day": 0}}, {"model": "orderbot.teleproduct", "pk": 5, "fields": {"name": "\u5b89\u5fc3\u6cb9\u6761", "code": "", "price": "50.00", "is_union_price": false, "category": "0", "store": 1, "role": "Breakfast", "enabled_day": 0}}, {"model": "orderbot.teleproduct", "pk": 6, "fields": {"name": "\u9992\u5934", "code": "", "price": "35.00", "is_union_price": false, "category": "0", "store": 1, "role": "Breakfast", "enabled_day": 0}}, {"model": "orderbot.teleproduct", "pk": 8, "fields": {"name": "\u7eff\u8c46\u6c64", "code": "", "price": "80.00", "is_union_price": false, "category": "0", "store": 1, "role": "Breakfast", "enabled_day": 0}}, {"model": "orderbot.teleproduct", "pk": 9, "fields": {"name": "\u5730\u74dc\u7ca5", "code": "", "price": "40.00", "is_union_price": false, "category": "0", "store": 1, "role": "Breakfast", "enabled_day": 0}}, {"model": "orderbot.teleproduct", "pk": 10, "fields": {"name": "\u8336\u53f6\u86cb", "code": "", "price": "30.00", "is_union_price": false, "category": "0", "store": 1, "role": "Breakfast", "enabled_day": 0}}, {"model": "orderbot.teleproduct", "pk": 11, "fields": {"name": "\u767d\u7ca5", "code": "", "price": "30.00", "is_union_price": false, "category": "0", "store": 1, "role": "Breakfast", "enabled_day": 0}}, {"model": "orderbot.teleproduct", "pk": 12, "fields": {"name": "\u54b8\u83dc", "code": "", "price": "40.00", "is_union_price": false, "category": "0", "store": 1, "role": "Breakfast", "enabled_day": 0}}, {"model": "orderbot.teleproduct", "pk": 13, "fields": {"name": "\u571f\u8c46\u725b\u8089", "code": "A1", "price": "0.00", "is_union_price": true, "category": "1", "store": 2, "role": "Lunch", "enabled_day": 1}}, {"model": "orderbot.teleproduct", "pk": 14, "fields": {"name": "\u5c16\u6912\u9e21", "code": "A2", "price": "0.00", "is_union_price": true, "category": "1", "store": 2, "role": "Lunch", "enabled_day": 1}}, {"model": "orderbot.teleproduct", "pk": 15, "fields": {"name": "\u5c16\u6912\u7092\u8089", "code": "A3", "price": "0.00", "is_union_price": true, "category": "1", "store": 2, "role": "Lunch", "enabled_day": 1}}, {"model": "orderbot.teleproduct", "pk": 16, "fields": {"name": "\u519c\u5bb6\u5c0f\u7092\u8089", "code": "B1", "price": "0.00", "is_union_price": true, "category": "2", "store": 2, "role": "Lunch", "enabled_day": 1}}, {"model": "orderbot.teleproduct", "pk": 17, "fields": {"name": "\u7c89\u4e1d\u9e21\u86cb", "code": "B2", "price": "0.00", "is_union_price": true, "category": "2", "store": 2, "role": "Lunch", "enabled_day": 1}}, {"model": "orderbot.teleproduct", "pk": 18, "fields": {"name": "\u51c9\u62cc\u732a\u809a", "code": "B3", "price": "0.00", "is_union_price": true, "category": "2", "store": 2, "role": "Lunch", "enabled_day": 1}}, {"model": "orderbot.teleproduct", "pk": 19, "fields": {"name": "\u9178\u8fa3\u571f\u8c46\u4e1d", "code": "C1", "price": "0.00", "is_union_price": true, "category": "0", "store": 2, "role": "Lunch", "enabled_day": 1}}, {"model": "orderbot.teleproduct", "pk": 20, "fields": {"name": "\u6e05\u7092\u8c46\u89d2", "code": "C2", "price": "0.00", "is_union_price": true, "category": "0", "store": 2, "role": "Lunch", "enabled_day": 1}}, {"model": "orderbot.teleproduct", "pk": 21, "fields": {"name": "\u7206\u7092\u5305\u83dc", "code": "C3", "price": "0.00", "is_union_price": true, "category": "0", "store": 2, "role": "Lunch", "enabled_day": 1}}, {"model": "orderbot.teleproduct", "pk": 22, "fields": {"name": "\u7ea2\u70e7\u732a\u8e44", "code": "A1", "price": "0.00", "is_union_price": true, "category": "1", "store": 2, "role": "Lunch", "enabled_day": 2}}, {"model": "orderbot.teleproduct", "pk": 23, "fields": {"name": "\u6885\u8c46\u70e7\u8089", "code": "A2", "price": "0.00", "is_union_price": true, "category": "1", "store": 2, "role": "Lunch", "enabled_day": 2}}, {"model": "orderbot.teleproduct", "pk": 24, "fields": {"name": "\u7ea2\u70e7\u5927\u80a0", "code": "A3", "price": "0.00", "is_union_price": true, "category": "1", "store": 2, "role": "Lunch", "enabled_day": 2}}, {"model": "orderbot.teleproduct", "pk": 25, "fields": {"name": "\u9178\u8fa3\u8089\u672b", "code": "B1", "price": "0.00", "is_union_price": true, "category": "2", "store": 2, "role": "Lunch", "enabled_day": 2}}, {"model": "orderbot.teleproduct", "pk": 26, "fields": {"name": "\u5c16\u6912\u732a\u5934\u8089", "code": "B2", "price": "0.00", "is_union_price": true, "category": "2", "store": 2, "role": "Lunch", "enabled_day": 2}}, {"model": "orderbot.teleproduct", "pk": 27, "fields": {"name": "\u97ed\u83dc\u7092\u9e21\u86cb", "code": "B3", "price": "0.00", "is_union_price": true, "category": "2", "store": 2, "role": "Lunch", "enabled_day": 2}}, {"model": "orderbot.teleproduct", "pk": 28, "fields": {"name": "\u6e05\u7092\u6d0b\u8471", "code": "C1", "price": "0.00", "is_union_price": true, "category": "0", "store": 2, "role": "Lunch", "enabled_day": 2}}, {"model": "orderbot.teleproduct", "pk": 29, "fields": {"name": "\u9c7c\u9999\u8304\u5b50", "code": "C2", "price": "0.00", "is_union_price": true, "category": "0", "store": 2, "role": "Lunch", "enabled_day": 2}}, {"model": "orderbot.teleproduct", "pk": 30, "fields": {"name": "\u7206\u7092\u5e72\u4e1d", "code": "C3", "price": "0.00", "is_union_price": true, "category": "0", "store": 2, "role": "Lunch", "enabled_day": 2}}, {"model": "orderbot.teleproduct", "pk": 31, "fields": {"name": "\u7ea2\u70e7\u9e21\u5757", "code": "A1", "price": "0.00", "is_union_price": true, "category": "1", "store": 2, "role": "Lunch", "enabled_day": 3}}, {"model": "orderbot.teleproduct", "pk": 32, "fields": {"name": "\u9752\u6912\u8089\u7247", "code": "A2", "price": "0.00", "is_union_price": true, "category": "1", "store": 2, "role": "Lunch", "enabled_day": 3}}, {"model": "orderbot.teleproduct", "pk": 33, "fields": {"name": "\u7ea2\u70e7\u9c7c\u5757", "code": "A3", "price": "0.00", "is_union_price": true, "category": "1", "store": 2, "role": "Lunch", "enabled_day": 3}}, {"model": "orderbot.teleproduct", "pk": 34, "fields": {"name": "\u6728\u987b\u8089", "code": "B1", "price": "0.00", "is_union_price": true, "category": "2", "store": 2, "role": "Lunch", "enabled_day": 3}}, {"model": "orderbot.teleproduct", "pk": 35, "fields": {"name": "\u9ebb\u5a46\u8c46\u8150", "code": "B2", "price": "0.00", "is_union_price": true, "category": "2", "store": 2, "role": "Lunch", "enabled_day": 3}}, {"model": "orderbot.teleproduct", "pk": 36, "fields": {"name": "\u51c9\u62cc\u732a\u8033", "code": "B3", "price": "0.00", "is_union_price": true, "category": "2", "store": 2, "role": "Lunch", "enabled_day": 3}}, {"model": "orderbot.teleproduct", "pk": 37, "fields": {"name": "\u4f5b\u624b\u74dc", "code": "C1", "price": "0.00", "is_union_price": true, "category": "0", "store": 2, "role": "Lunch", "enabled_day": 3}}, {"model": "orderbot.teleproduct", "pk": 38, "fields": {"name": "\u9178\u8fa3\u5c0f\u767d\u83dc", "code": "C2", "price": "0.00", "is_union_price": true, "category": "0", "store": 2, "role": "Lunch", "enabled_day": 3}}, {"model": "orderbot.teleproduct", "pk": 39, "fields": {"name": "\u6e05\u7092\u571f\u8c46\u7247", "code": "C3", "price": "0.00", "is_union_price": true, "category": "0", "store": 2, "role": "Lunch", "enabled_day": 3}}, {"model": "orderbot.teleproduct", "pk": 40, "fields": {"name": "\u7ea2\u70e7\u6392\u9aa8", "code": "A1", "price": "0.00", "is_union_price": true, "category": "1", "store": 2, "role": "Lunch", "enabled_day": 4}}, {"model": "orderbot.teleproduct", "pk": 41, "fields": {"name": "\u7206\u7092\u725b\u809a", "code": "A2", "price": "0.00", "is_union_price": true, "category": "1", "store": 2, "role": "Lunch", "enabled_day": 4}}, {"model": "orderbot.teleproduct", "pk": 42, "fields": {"name": "\u9e21\u86cb\u997c\u7096\u9e4c\u9e51\u86cb", "code": "A3", "price": "0.00", "is_union_price": true, "category": "1", "store": 2, "role": "Lunch", "enabled_day": 4}}, {"model": "orderbot.teleproduct", "pk": 43, "fields": {"name": "\u9178\u8fa3\u9e21\u80d7", "code": "B1", "price": "0.00", "is_union_price": true, "category": "2", "store": 2, "role": "Lunch", "enabled_day": 4}}, {"model": "orderbot.teleproduct", "pk": 44, "fields": {"name": "\u9c7c\u9999\u8089\u4e1d", "code": "B2", "price": "0.00", "is_union_price": true, "category": "2", "store": 2, "role": "Lunch", "enabled_day": 4}}, {"model": "orderbot.teleproduct", "pk": 45, "fields": {"name": "\u51c9\u62cc\u732a\u820c\u5934", "code": "B3", "price": "0.00", "is_union_price": true, "category": "2", "store": 2, "role": "Lunch", "enabled_day": 4}}, {"model": "orderbot.teleproduct", "pk": 46, "fields": {"name": "\u849c\u84c9\u7a7a\u5fc3\u83dc", "code": "C1", "price": "0.00", "is_union_price": true, "category": "0", "store": 2, "role": "Lunch", "enabled_day": 4}}, {"model": "orderbot.teleproduct", "pk": 47, "fields": {"name": "\u6e05\u7092\u56db\u5b63\u8c46", "code": "C2", "price": "0.00", "is_union_price": true, "category": "0", "store": 2, "role": "Lunch", "enabled_day": 4}}, {"model": "orderbot.teleproduct", "pk": 48, "fields": {"name": "\u51c9\u62cc\u4e09\u4e1d", "code": "C3", "price": "0.00", "is_union_price": true, "category": "0", "store": 2, "role": "Lunch", "enabled_day": 4}}, {"model": "orderbot.teleproduct", "pk": 49, "fields": {"name": "\u571f\u8c46\u70e7\u725b\u8089", "code": "A1", "price": "0.00", "is_union_price": true, "category": "1", "store": 2, "role": "Lunch", "enabled_day": 5}}, {"model": "orderbot.teleproduct", "pk": 50, "fields": {"name": "\u5c16\u6912\u725b\u8089", "code": "A2", "price": "0.00", "is_union_price": true, "category": "1", "store": 2, "role": "Lunch", "enabled_day": 5}}, {"model": "orderbot.teleproduct", "pk": 51, "fields": {"name": "\u5bab\u4fdd\u9e21\u4e01", "code": "A3", "price": "0.00", "is_union_price": true, "category": "1", "store": 2, "role": "Lunch", "enabled_day": 5}}, {"model": "orderbot.teleproduct", "pk": 52, "fields": {"name": "\u897f\u7ea2\u67ff\u7092\u9e21\u86cb", "code": "B1", "price": "0.00", "is_union_price": true, "category": "2", "store": 2, "role": "Lunch", "enabled_day": 5}}, {"model": "orderbot.teleproduct", "pk": 53, "fields": {"name": "\u56de\u9505\u8089", "code": "B2", "price": "0.00", "is_union_price": true, "category": "2", "store": 2, "role": "Lunch", "enabled_day": 5}}, {"model": "orderbot.teleproduct", "pk": 54, "fields": {"name": "\u82b9\u83dc\u7092\u8089", "code": "B3", "price": "0.00", "is_union_price": true, "category": "2", "store": 2, "role": "Lunch", "enabled_day": 5}}, {"model": "orderbot.teleproduct", "pk": 55, "fields": {"name": "\u6e05\u7092\u8c46\u8150\u76ae", "code": "C1", "price": "0.00", "is_union_price": true, "category": "0", "store": 2, "role": "Lunch", "enabled_day": 5}}, {"model": "orderbot.teleproduct", "pk": 56, "fields": {"name": "\u5c0f\u9752\u83dc", "code": "C2", "price": "0.00", "is_union_price": true, "category": "0", "store": 2, "role": "Lunch", "enabled_day": 5}}, {"model": "orderbot.teleproduct", "pk": 57, "fields": {"name": "\u8471\u7206\u8304\u6761", "code": "C3", "price": "0.00", "is_union_price": true, "category": "0", "store": 2, "role": "Lunch", "enabled_day": 5}}, {"model": "orderbot.teleproduct", "pk": 59, "fields": {"name": "\u9ebb\u9171\u51c9\u76ae", "code": "L1", "price": "100.00", "is_union_price": false, "category": "0", "store": 3, "role": "All", "enabled_day": 0}}, {"model": "orderbot.teleproduct", "pk": 60, "fields": {"name": "\u7092\u51c9\u76ae", "code": "L2", "price": "120.00", "is_union_price": false, "category": "0", "store": 3, "role": "All", "enabled_day": 0}}, {"model": "orderbot.teleproduct", "pk": 61, "fields": {"name": "\u9ebb\u9171\u9762\u7b4b", "code": "L3", "price": "100.00", "is_union_price": false, "category": "0", "store": 3, "role": "All", "enabled_day": 0}}, {"model": "orderbot.teleproduct", "pk": 62, "fields": {"name": "\u7092\u9762\u7b4b", "code": "L4", "price": "120.00", "is_union_price": false, "category": "0", "store": 3, "role": "All", "enabled_day": 0}}, {"model": "orderbot.teleproduct", "pk": 63, "fields": {"name": "\u8089\u52a0\u998d\uff08\u80a5\u7626\uff09", "code": "M1", "price": "80.00", "is_union_price": false, "category": "0", "store": 3, "role": "All", "enabled_day": 0}}, {"model": "orderbot.teleproduct", "pk": 64, "fields": {"name": "\u8089\u52a0\u998d\uff08\u7eaf\u7626\uff09", "code": "M2", "price": "90.00", "is_union_price": false, "category": "0", "store": 3, "role": "All", "enabled_day": 0}}, {"model": "orderbot.teleproduct", "pk": 65, "fields": {"name": "\u9e21\u86cb\u8089\u9171\u5377\u997c", "code": "M3", "price": "80.00", "is_union_price": false, "category": "0", "store": 3, "role": "All", "enabled_day": 0}}, {"model": "orderbot.teleproduct", "pk": 66, "fields": {"name": "\u571f\u8c46\u4e1d\u8089\u9171\u5377\u997c", "code": "M4", "price": "80.00", "is_union_price": false, "category": "0", "store": 3, "role": "All", "enabled_day": 0}}, {"model": "orderbot.teleproduct", "pk": 67, "fields": {"name": "\u97ed\u83dc\u76d2\u5b50\uff085\u4e2a\uff09", "code": "H1", "price": "150.00", "is_union_price": false, "category": "0", "store": 3, "role": "All", "enabled_day": 0}}, {"model": "orderbot.teleproduct", "pk": 68, "fields": {"name": "\u732a\u8089\u76d2\u5b50\uff085\u4e2a\uff09", "code": "H2", "price": "160.00", "is_union_price": false, "category": "0", "store": 3, "role": "All", "enabled_day": 0}}, {"model": "orderbot.teleproduct", "pk": 69, "fields": {"name": "\u725b\u8089\u76d2\u5b50\uff085\u4e2a\uff09", "code": "H3", "price": "200.00", "is_union_price": false, "category": "0", "store": 3, "role": "All", "enabled_day": 0}}, {"model": "orderbot.teleproduct", "pk": 70, "fields": {"name": "\u8089\u7092\u997c", "code": "B1", "price": "150.00", "is_union_price": false, "category": "0", "store": 3, "role": "All", "enabled_day": 0}}, {"model": "orderbot.teleproduct", "pk": 71, "fields": {"name": "\u7d20\u7092\u997c", "code": "B2", "price": "150.00", "is_union_price": false, "category": "0", "store": 3, "role": "All", "enabled_day": 0}}, {"model": "orderbot.teleproduct", "pk": 72, "fields": {"name": "\u7ea2\u70e7\u8089\u571f\u8c46\u996d", "code": "P1", "price": "160.00", "is_union_price": false, "category": "0", "store": 3, "role": "Lunch", "enabled_day": 0}}, {"model": "orderbot.teleproduct", "pk": 73, "fields": {"name": "\u7ea2\u70e7\u8089\u8150\u7af9\u996d", "code": "P2", "price": "160.00", "is_union_price": false, "category": "0", "store": 3, "role": "Lunch", "enabled_day": 0}}, {"model": "orderbot.teleproduct", "pk": 74, "fields": {"name": "\u7ea2\u70e7\u8089\u9e21\u5757\u996d", "code": "P3", "price": "160.00", "is_union_price": false, "category": "0", "store": 3, "role": "Lunch", "enabled_day": 0}}, {"model": "orderbot.teleproduct", "pk": 75, "fields": {"name": "\u9e21\u86cb\u897f\u7ea2\u67ff\u76d6\u996d", "code": "P4", "price": "120.00", "is_union_price": false, "category": "0", "store": 3, "role": "Lunch", "enabled_day": 0}}, {"model": "orderbot.teleproduct", "pk": 76, "fields": {"name": "\u6cb9\u7116\u5927\u867e\u996d", "code": "P5", "price": "200.00", "is_union_price": false, "category": "0", "store": 3, "role": "Lunch", "enabled_day": 0}}, {"model": "orderbot.teleproduct", "pk": 77, "fields": {"name": "\u7ea2\u70e7\u6392\u9aa8\u996d", "code": "P6", "price": "200.00", "is_union_price": false, "category": "0", "store": 3, "role": "Lunch", "enabled_day": 0}}, {"model": "orderbot.teleproduct", "pk": 78, "fields": {"name": "\u626c\u5dde\u7092\u996d", "code": "C1", "price": "150.00", "is_union_price": false, "category": "0", "store": 3, "role": "Lunch", "enabled_day": 0}}, {"model": "orderbot.teleproduct", "pk": 79, "fields": {"name": "\u9178\u8fa3\u767d\u83dc\u996d", "code": "C2", "price": "150.00", "is_union_price": false, "category": "0", "store": 3, "role": "Lunch", "enabled_day": 0}}, {"model": "orderbot.teleproduct", "pk": 80, "fields": {"name": "\u9c7f\u9c7c\u7092\u996d", "code": "C3", "price": "180.00", "is_union_price": false, "category": "0", "store": 3, "role": "Lunch", "enabled_day": 0}}, {"model": "orderbot.teleproduct", "pk": 81, "fields": {"name": "\u814a\u80a0\u7092\u996d", "code": "C4", "price": "180.00", "is_union_price": false, "category": "0", "store": 3, "role": "Lunch", "enabled_day": 0}}, {"model": "orderbot.teleproduct", "pk": 82, "fields": {"name": "\u9178\u8fa3\u7c89", "code": "F1", "price": "120.00", "is_union_price": false, "category": "0", "store": 3, "role": "Lunch", "enabled_day": 0}}, {"model": "orderbot.teleproduct", "pk": 83, "fields": {"name": "\u6392\u9aa8\u9178\u8fa3\u7c89", "code": "F2", "price": "150.00", "is_union_price": false, "category": "0", "store": 3, "role": "Lunch", "enabled_day": 0}}, {"model": "orderbot.teleproduct", "pk": 84, "fields": {"name": "\u7ea2\u70e7\u8089\u9178\u8fa3\u7c89", "code": "F3", "price": "150.00", "is_union_price": false, "category": "0", "store": 3, "role": "Lunch", "enabled_day": 0}}, {"model": "orderbot.teleproduct", "pk": 85, "fields": {"name": "\u8089\u9171\u9178\u8fa3\u7c89", "code": "F4", "price": "150.00", "is_union_price": false, "category": "0", "store": 3, "role": "Lunch", "enabled_day": 0}}, {"model": "orderbot.teleproduct", "pk": 86, "fields": {"name": "\u9ebb\u8fa3\u9762\uff08\u70ed\uff09", "code": "N1", "price": "120.00", "is_union_price": false, "category": "0", "store": 3, "role": "Lunch", "enabled_day": 0}}, {"model": "orderbot.teleproduct", "pk": 87, "fields": {"name": "\u9ebb\u9171\u51c9\u9762", "code": "N2", "price": "120.00", "is_union_price": false, "category": "0", "store": 3, "role": "Lunch", "enabled_day": 0}}, {"model": "orderbot.teleproduct", "pk": 88, "fields": {"name": "\u6392\u9aa8\u9762\uff08\u70ed\uff09", "code": "N3", "price": "150.00", "is_union_price": false, "category": "0", "store": 3, "role": "Lunch", "enabled_day": 0}}, {"model": "orderbot.teleproduct", "pk": 89, "fields": {"name": "\u7ea2\u70e7\u8089\u9762\uff08\u70ed\uff09", "code": "N4", "price": "150.00", "is_union_price": false, "category": "0", "store": 3, "role": "Lunch", "enabled_day": 0}}, {"model": "orderbot.teleproduct", "pk": 90, "fields": {"name": "\u8089\u9171\u70b8\u9171\u9762\uff08\u51c9\uff09", "code": "N5", "price": "150.00", "is_union_price": false, "category": "0", "store": 3, "role": "Lunch", "enabled_day": 0}}, {"model": "orderbot.teleproduct", "pk": 91, "fields": {"name": "\u9e21\u86cb\u897f\u7ea2\u67ff\u9762\uff08\u51c9\uff09", "code": "N6", "price": "150.00", "is_union_price": false, "category": "0", "store": 3, "role": "Lunch", "enabled_day": 0}}, {"model": "orderbot.teleproduct", "pk": 92, "fields": {"name": "\u671d\u9c9c\u51b7\u9762", "code": "N7", "price": "150.00", "is_union_price": false, "category": "0", "store": 3, "role": "Lunch", "enabled_day": 0}}, {"model": "orderbot.teleproduct", "pk": 93, "fields": {"name": "\u82b9\u83dc\u732a\u8089\u84b8\u997a", "code": "D1", "price": "150.00", "is_union_price": false, "category": "0", "store": 3, "role": "Lunch", "enabled_day": 0}}, {"model": "orderbot.teleproduct", "pk": 94, "fields": {"name": "\u767d\u83dc\u732a\u8089\u84b8\u997a", "code": "D2", "price": "150.00", "is_union_price": false, "category": "0", "store": 3, "role": "Lunch", "enabled_day": 0}}, {"model": "orderbot.teleproduct", "pk": 95, "fields": {"name": "\u7d20\u4e09\u9c9c\u84b8\u997a", "code": "D3", "price": "180.00", "is_union_price": false, "category": "0", "store": 3, "role": "Lunch", "enabled_day": 0}}, {"model": "orderbot.teleproduct", "pk": 96, "fields": {"name": "\u8089\u4e09\u9c9c\u84b8\u997a", "code": "D4", "price": "200.00", "is_union_price": false, "category": "0", "store": 3, "role": "Lunch", "enabled_day": 0}}, {"model": "orderbot.teleproduct", "pk": 97, "fields": {"name": "\u7eaf\u732a\u8089\u84b8\u997a", "code": "D5", "price": "200.00", "is_union_price": false, "category": "0", "store": 3, "role": "Lunch", "enabled_day": 0}}, {"model": "orderbot.teleproduct", "pk": 98, "fields": {"name": "\u5957\u9910\u4e00 \u51c9\u76ae+\u8089\u52a0\u998d+\u9178\u6885\u6c64", "code": "TC1", "price": "220.00", "is_union_price": false, "category": "0", "store": 3, "role": "Lunch", "enabled_day": 0}}, {"model": "orderbot.teleproduct", "pk": 99, "fields": {"name": "\u5957\u9910\u4e8c \u51c9\u76ae+\u8089\u52a0\u998d+\u98ce\u5473\u9762\u7b4b+\u9178\u6885\u6c64", "code": "TC2", "price": "320.00", "is_union_price": false, "category": "0", "store": 3, "role": "Lunch", "enabled_day": 0}}, {"model": "orderbot.teleproduct", "pk": 100, "fields": {"name": "\u5957\u9910\u4e09 \u51c9\u76ae+\u97ed\u83dc\u76d2\u5b50+\u9178\u6885\u6c64", "code": "TC3", "price": "300.00", "is_union_price": false, "category": "0", "store": 3, "role": "Lunch", "enabled_day": 0}}, {"model": "orderbot.teleproduct", "pk": 101, "fields": {"name": "\u5957\u9910\u56dbA \u7ea2\u70e7\u8089\u571f\u8c46\u996d+\u9178\u6885\u6c64", "code": "TC4A", "price": "200.00", "is_union_price": false, "category": "0", "store": 3, "role": "Lunch", "enabled_day": 0}}, {"model": "orderbot.teleproduct", "pk": 102, "fields": {"name": "\u5957\u9910\u56dbB \u7ea2\u70e7\u8089\u8150\u7af9\u996d+\u9178\u6885\u6c64", "code": "TC4B", "price": "200.00", "is_union_price": false, "category": "0", "store": 3, "role": "Lunch", "enabled_day": 0}}, {"model": "orderbot.teleproduct", "pk": 103, "fields": {"name": "\u5957\u9910\u56dbC \u7ea2\u70e7\u9e21\u5757\u996d+\u9178\u6885\u6c64", "code": "TC4C", "price": "200.00", "is_union_price": false, "category": "0", "store": 3, "role": "Lunch", "enabled_day": 0}}, {"model": "orderbot.teleproduct", "pk": 104, "fields": {"name": "\u5957\u9910\u4e94 \u9178\u8fa3\u7c89+\u8089\u5939\u998d+\u98ce\u5473\u9762\u7b4b+\u9178\u6885\u6c64", "code": "TC5", "price": "350.00", "is_union_price": false, "category": "0", "store": 3, "role": "Lunch", "enabled_day": 0}}, {"model": "orderbot.teleproduct", "pk": 105, "fields": {"name": "\u5957\u9910\u4e00:\u85d5\u7247\uff0c\u6d77\u5e26\u4e1d\uff0c\u91d1\u9488\u83c7\uff0c\u9ed1\u6728\u8033\uff0c\u571f\u8c46\u7247\uff0c\u767d\u83dc\uff0c\u7389\u7c73\uff0c\u8150\u7af9\uff0c\u51ac\u74dc", "code": "A", "price": "200.00", "is_union_price": false, "category": "0", "store": 4, "role": "Lunch", "enabled_day": 0}}, {"model": "orderbot.teleproduct", "pk": 106, "fields": {"name": "\u5957\u9910\u4e8c\uff1a\u725b\u8089\uff0c\u9c9c\u867e\uff0c\u9c7c\u8c46\u8150\uff0c\u85d5\u7247\uff0c\u91d1\u9488\u83c7\uff0c\u87f9\u68d2\uff0c\u706b\u817f\u80a0\uff0c\u7a7a\u5fc3\u83dc", "code": "B", "price": "250.00", "is_union_price": false, "category": "0", "store": 4, "role": "Lunch", "enabled_day": 0}}, {"model": "orderbot.teleproduct", "pk": 107, "fields": {"name": "\u5957\u9910\u4e09\uff1a\u9c7c\u7247\uff0c\u5348\u9910\u8089\uff0c\u8c46\u8150\u76ae\uff0c\u897f\u5170\u82b1\uff0c\u8c46\u5e72\uff0c\u51ac\u74dc\uff0c\u7389\u7c73\uff0c\u7a7a\u5fc3\u83dc", "code": "C", "price": "250.00", "is_union_price": false, "category": "0", "store": 4, "role": "Lunch", "enabled_day": 0}}, {"model": "orderbot.teleproduct", "pk": 108, "fields": {"name": "\u5957\u9910\u56db\uff1a\u9e21\u8089\uff0c\u725b\u8089\uff0c\u85d5\u7247\uff0c\u725b\u809a\uff0c\u9999\u83c7\u8d21\u4e38\uff0c\u706b\u817f\u80a0\uff0c\u8c46\u8150\u76ae\uff0c\u571f\u8c46\u7247\uff0c\u751f\u83dc", "code": "D", "price": "250.00", "is_union_price": false, "category": "0", "store": 4, "role": "Lunch", "enabled_day": 0}}, {"model": "orderbot.teleproduct", "pk": 109, "fields": {"name": "\u7c73\u996d", "code": "S1", "price": "0.00", "is_union_price": false, "category": "0", "store": 4, "role": "Lunch", "enabled_day": 0}}, {"model": "orderbot.teleproduct", "pk": 110, "fields": {"name": "\u7ea2\u85af\u5bbd\u7c89", "code": "S2", "price": "0.00", "is_union_price": false, "category": "0", "store": 4, "role": "Lunch", "enabled_day": 0}}, {"model": "orderbot.teleproduct", "pk": 111, "fields": {"name": "\u7ea2\u85af\u7ec6\u7c89", "code": "S3", "price": "0.00", "is_union_price": false, "category": "0", "store": 4, "role": "Lunch", "enabled_day": 0}}, {"model": "orderbot.teleproduct", "pk": 112, "fields": {"name": "\u53f0\u6e7e\u7c73\u7ebf", "code": "S4", "price": "0.00", "is_union_price": false, "category": "0", "store": 4, "role": "Lunch", "enabled_day": 0}}, {"model": "orderbot.teleproduct", "pk": 113, "fields": {"name": "\u5bbd\u7c73\u7c89", "code": "S5", "price": "0.00", "is_union_price": false, "category": "0", "store": 4, "role": "Lunch", "enabled_day": 0}}, {"model": "orderbot.teleproduct", "pk": 114, "fields": {"name": "\u6ce1\u9762", "code": "S6", "price": "0.00", "is_union_price": false, "category": "0", "store": 4, "role": "Lunch", "enabled_day": 0}}, {"model": "orderbot.teleproduct", "pk": 115, "fields": {"name": "\u624b\u5de5\u9762", "code": "S7", "price": "0.00", "is_union_price": false, "category": "0", "store": 4, "role": "Lunch", "enabled_day": 0}}, {"model": "orderbot.teleproduct", "pk": 117, "fields": {"name": "\u8c46\u6d46", "code": "", "price": "50.00", "is_union_price": false, "category": "0", "store": 5, "role": "Breakfast", "enabled_day": 0}}, {"model": "orderbot.teleproduct", "pk": 118, "fields": {"name": "\u8c46\u82b1", "code": "", "price": "50.00", "is_union_price": false, "category": "0", "store": 5, "role": "Breakfast", "enabled_day": 0}}, {"model": "orderbot.teleproduct", "pk": 119, "fields": {"name": "\u5c0f\u7c73\u7ca5", "code": "", "price": "50.00", "is_union_price": false, "category": "0", "store": 5, "role": "Breakfast", "enabled_day": 0}}, {"model": "orderbot.teleproduct", "pk": 120, "fields": {"name": "\u516b\u5b9d\u7ca5", "code": "", "price": "60.00", "is_union_price": false, "category": "0", "store": 5, "role": "Breakfast", "enabled_day": 0}}, {"model": "orderbot.teleproduct", "pk": 121, "fields": {"name": "\u9752\u6912\u8089\u997c", "code": "", "price": "40.00", "is_union_price": false, "category": "0", "store": 5, "role": "Breakfast", "enabled_day": 0}}, {"model": "orderbot.teleproduct", "pk": 122, "fields": {"name": "\u9752\u6912\u86cb\u997c", "code": "", "price": "40.00", "is_union_price": false, "category": "0", "store": 5, "role": "Breakfast", "enabled_day": 0}}, {"model": "orderbot.teleproduct", "pk": 123, "fields": {"name": "\u767d\u83dc\u8089\u5305", "code": "", "price": "40.00", "is_union_price": false, "category": "0", "store": 5, "role": "Breakfast", "enabled_day": 0}}, {"model": "orderbot.teleproduct", "pk": 124, "fields": {"name": "\u7c89\u4e1d\u5305\u5b50", "code": "", "price": "40.00", "is_union_price": false, "category": "0", "store": 5, "role": "Breakfast", "enabled_day": 0}}, {"model": "orderbot.teleproduct", "pk": 125, "fields": {"name": "\u6df7\u6c8c", "code": "", "price": "150.00", "is_union_price": false, "category": "0", "store": 5, "role": "Breakfast", "enabled_day": 0}}, {"model": "orderbot.teleproduct", "pk": 126, "fields": {"name": "\u70b8\u9171\u9762", "code": "", "price": "150.00", "is_union_price": false, "category": "0", "store": 5, "role": "Breakfast", "enabled_day": 0}}, {"model": "orderbot.teleproduct", "pk": 127, "fields": {"name": "\u97ed\u83dc\u76d2\u5b50\uff084\u4e2a\uff09", "code": "", "price": "150.00", "is_union_price": false, "category": "0", "store": 5, "role": "Breakfast", "enabled_day": 0}}, {"model": "orderbot.teleproduct", "pk": 128, "fields": {"name": "\u714e\u86cb", "code": "", "price": "30.00", "is_union_price": false, "category": "0", "store": 5, "role": "Breakfast", "enabled_day": 0}}, {"model": "orderbot.teleproduct", "pk": 129, "fields": {"name": "\u8336\u53f6\u86cb", "code": "", "price": "25.00", "is_union_price": false, "category": "0", "store": 5, "role": "Breakfast", "enabled_day": 0}}, {"model": "orderbot.teleproduct", "pk": 130, "fields": {"name": "\u6c34\u997a \u97ed\u83dc\u9e21\u86cb\uff0815\u4e2a\uff09", "code": "", "price": "150.00", "is_union_price": false, "category": "0", "store": 5, "role": "Breakfast", "enabled_day": 0}}, {"model": "orderbot.teleproduct", "pk": 131, "fields": {"name": "\u6c34\u997a \u767d\u83dc\u7ca5\u8089\uff0815\u4e2a\uff09", "code": "", "price": "150.00", "is_union_price": false, "category": "0", "store": 5, "role": "Breakfast", "enabled_day": 0}}, {"model": "orderbot.teleproduct", "pk": 132, "fields": {"name": "\u6c34\u997a \u82b9\u83dc\u7ca5\u8089\uff0815\u4e2a\uff09", "code": "", "price": "150.00", "is_union_price": false, "category": "0", "store": 5, "role": "Breakfast", "enabled_day": 0}}, {"model": "orderbot.teleproduct", "pk": 133, "fields": {"name": "\u6cb9\u6761\uff085\u5355\u6839\uff09", "code": "", "price": "100.00", "is_union_price": false, "category": "0", "store": 6, "role": "Breakfast", "enabled_day": 0}}, {"model": "orderbot.teleproduct", "pk": 134, "fields": {"name": "\u76ae\u86cb\u7626\u8089\u7ca5", "code": "", "price": "60.00", "is_union_price": false, "category": "0", "store": 6, "role": "Breakfast", "enabled_day": 0}}, {"model": "orderbot.teleproduct", "pk": 135, "fields": {"name": "\u8c46\u6d46", "code": "", "price": "60.00", "is_union_price": false, "category": "0", "store": 6, "role": "Breakfast", "enabled_day": 0}}, {"model": "orderbot.teleproduct", "pk": 136, "fields": {"name": "\u54b8\u8c46\u8150\u8111", "code": "", "price": "60.00", "is_union_price": false, "category": "0", "store": 6, "role": "Breakfast", "enabled_day": 0}}, {"model": "orderbot.teleproduct", "pk": 137, "fields": {"name": "\u5bc6\u8c46\u751c\u8c46\u8150\u8111", "code": "", "price": "60.00", "is_union_price": false, "category": "0", "store": 6, "role": "Breakfast", "enabled_day": 0}}, {"model": "orderbot.teleproduct", "pk": 138, "fields": {"name": "\u8336\u53f6\u86cb", "code": "", "price": "30.00", "is_union_price": false, "category": "0", "store": 6, "role": "Breakfast", "enabled_day": 0}}, {"model": "orderbot.teleproduct", "pk": 139, "fields": {"name": "\u54b8\u9e2d\u86cb", "code": "", "price": "35.00", "is_union_price": false, "category": "0", "store": 6, "role": "Breakfast", "enabled_day": 0}}, {"model": "orderbot.teleproduct", "pk": 140, "fields": {"name": "\u9992\u5934", "code": "", "price": "35.00", "is_union_price": false, "category": "0", "store": 6, "role": "Breakfast", "enabled_day": 0}}, {"model": "orderbot.teleproduct", "pk": 141, "fields": {"name": "\u53c9\u70e7\u5305", "code": "", "price": "35.00", "is_union_price": false, "category": "0", "store": 6, "role": "Breakfast", "enabled_day": 0}}, {"model": "orderbot.teleproduct", "pk": 142, "fields": {"name": "\u5976\u9ec4\u5305", "code": "", "price": "35.00", "is_union_price": false, "category": "0", "store": 6, "role": "Breakfast", "enabled_day": 0}}, {"model": "orderbot.teleproduct", "pk": 143, "fields": {"name": "\u7d2b\u85af\u5305", "code": "", "price": "35.00", "is_union_price": false, "category": "0", "store": 6, "role": "Breakfast", "enabled_day": 0}}, {"model": "orderbot.teleproduct", "pk": 144, "fields": {"name": "\u8c46\u6c99\u5305", "code": "", "price": "35.00", "is_union_price": false, "category": "0", "store": 6, "role": "Breakfast", "enabled_day": 0}}, {"model": "orderbot.teleproduct", "pk": 145, "fields": {"name": "\u8089\u714e\u5305", "code": "", "price": "40.00", "is_union_price": false, "category": "0", "store": 6, "role": "Breakfast", "enabled_day": 0}}, {"model": "orderbot.teleproduct", "pk": 146, "fields": {"name": "\u5927\u83dc\u5305", "code": "", "price": "50.00", "is_union_price": false, "category": "0", "store": 6, "role": "Breakfast", "enabled_day": 0}}, {"model": "orderbot.teleproduct", "pk": 147, "fields": {"name": "\u849c\u82d4\u7092\u8089\u76d6\u996d", "code": "", "price": "150.00", "is_union_price": false, "category": "0", "store": 6, "role": "Lunch", "enabled_day": 0}}, {"model": "orderbot.teleproduct", "pk": 148, "fields": {"name": "\u62db\u724c\u725b\u8089\u76d6\u996d", "code": "", "price": "150.00", "is_union_price": false, "category": "0", "store": 6, "role": "Lunch", "enabled_day": 0}}, {"model": "orderbot.teleproduct", "pk": 149, "fields": {"name": "\u5b5c\u7136\u725b\u8089\u76d6\u996d", "code": "", "price": "150.00", "is_union_price": false, "category": "0", "store": 6, "role": "Lunch", "enabled_day": 0}}, {"model": "orderbot.teleproduct", "pk": 150, "fields": {"name": "\u7684\u4e09\u9c9c\u76d6\u996d", "code": "", "price": "150.00", "is_union_price": false, "category": "0", "store": 6, "role": "Lunch", "enabled_day": 0}}, {"model": "orderbot.teleproduct", "pk": 151, "fields": {"name": "\u756a\u8304\u9e21\u86cb\u76d6\u996d", "code": "", "price": "120.00", "is_union_price": false, "category": "0", "store": 6, "role": "Lunch", "enabled_day": 0}}, {"model": "orderbot.teleproduct", "pk": 152, "fields": {"name": "\u714e\u997c\u679c\u5b50", "code": "", "price": "100.00", "is_union_price": false, "category": "0", "store": 6, "role": "All", "enabled_day": 0}}, {"model": "orderbot.teleproduct", "pk": 153, "fields": {"name": "\u70e4\u51b7\u9762\uff08\u5c0f\uff09", "code": "", "price": "100.00", "is_union_price": false, "category": "0", "store": 6, "role": "All", "enabled_day": 0}}, {"model": "orderbot.teleproduct", "pk": 154, "fields": {"name": "\u70e4\u51b7\u9762\uff08\u5927\uff09", "code": "", "price": "180.00", "is_union_price": false, "category": "0", "store": 6, "role": "All", "enabled_day": 0}}, {"model": "orderbot.teleproduct", "pk": 155, "fields": {"name": "\u62db\u724c\u7c73\u7ebf\uff08\u8fa3\uff09", "code": "", "price": "180.00", "is_union_price": false, "category": "0", "store": 6, "role": "All", "enabled_day": 0}}, {"model": "orderbot.teleproduct", "pk": 156, "fields": {"name": "\u87ba\u72ee\u7c89", "code": "", "price": "180.00", "is_union_price": false, "category": "0", "store": 6, "role": "All", "enabled_day": 0}}, {"model": "orderbot.teleproduct", "pk": 157, "fields": {"name": "\u9178\u8fa3\u7c89", "code": "", "price": "180.00", "is_union_price": false, "category": "0", "store": 6, "role": "All", "enabled_day": 0}}, {"model": "orderbot.teleproduct", "pk": 158, "fields": {"name": "\u64c0\u9762\u76ae", "code": "", "price": "120.00", "is_union_price": false, "category": "0", "store": 6, "role": "All", "enabled_day": 0}}, {"model": "orderbot.teleproduct", "pk": 159, "fields": {"name": "\u671d\u9c9c\u51b7\u9762", "code": "", "price": "180.00", "is_union_price": false, "category": "0", "store": 6, "role": "All", "enabled_day": 0}}, {"model": "orderbot.teleproduct", "pk": 160, "fields": {"name": "\u91cd\u5e86\u5c0f\u9762", "code": "", "price": "180.00", "is_union_price": false, "category": "0", "store": 6, "role": "All", "enabled_day": 0}}, {"model": "orderbot.teleproduct", "pk": 161, "fields": {"name": "\u4e1c\u5317\u6c34\u997a\uff0812\u4e2a\uff09", "code": "", "price": "120.00", "is_union_price": false, "category": "0", "store": 6, "role": "All", "enabled_day": 0}}, {"model": "orderbot.teleproduct", "pk": 162, "fields": {"name": "\u6df7\u6c8c\uff0814\u4e2a\uff09", "code": "", "price": "120.00", "is_union_price": false, "category": "0", "store": 6, "role": "All", "enabled_day": 0}}, {"model": "orderbot.teleproduct", "pk": 163, "fields": {"name": "\u9ebb\u8fa3\u8c46\u76ae", "code": "", "price": "150.00", "is_union_price": false, "category": "0", "store": 6, "role": "All", "enabled_day": 0}}, {"model": "orderbot.teleproduct", "pk": 164, "fields": {"name": "\u51c9\u62cc\u8c46\u76ae", "code": "", "price": "150.00", "is_union_price": false, "category": "0", "store": 6, "role": "All", "enabled_day": 0}}, {"model": "orderbot.teleproduct", "pk": 165, "fields": {"name": "\u82b9\u83dc\u6ce1\u6912\u9e21\u6742", "code": "1", "price": "0.00", "is_union_price": true, "category": "1", "store": 7, "role": "Lunch", "enabled_day": 1}}, {"model": "orderbot.teleproduct", "pk": 166, "fields": {"name": "\u6392\u9aa8\u7096\u571f\u8c46", "code": "2", "price": "0.00", "is_union_price": true, "category": "1", "store": 7, "role": "Lunch", "enabled_day": 1}}, {"model": "orderbot.teleproduct", "pk": 167, "fields": {"name": "\u7389\u7c73\u7092\u8089", "code": "3", "price": "0.00", "is_union_price": true, "category": "1", "store": 7, "role": "Lunch", "enabled_day": 1}}, {"model": "orderbot.teleproduct", "pk": 168, "fields": {"name": "\u82e6\u74dc\u7092\u86cb", "code": "4", "price": "0.00", "is_union_price": true, "category": "0", "store": 7, "role": "Lunch", "enabled_day": 1}}, {"model": "orderbot.teleproduct", "pk": 169, "fields": {"name": "\u7092\u5357\u74dc", "code": "5", "price": "0.00", "is_union_price": true, "category": "0", "store": 7, "role": "Lunch", "enabled_day": 1}}, {"model": "orderbot.teleproduct", "pk": 170, "fields": {"name": "\u849c\u6ce5\u7a7a\u5fc3\u83dc", "code": "6", "price": "0.00", "is_union_price": true, "category": "0", "store": 7, "role": "Lunch", "enabled_day": 1}}, {"model": "orderbot.teleproduct", "pk": 171, "fields": {"name": "\u9178\u83dc\u7092\u8089", "code": "1", "price": "0.00", "is_union_price": true, "category": "1", "store": 7, "role": "Lunch", "enabled_day": 2}}, {"model": "orderbot.teleproduct", "pk": 172, "fields": {"name": "\u7ea2\u70e7\u9c7c", "code": "2", "price": "0.00", "is_union_price": true, "category": "1", "store": 7, "role": "Lunch", "enabled_day": 2}}, {"model": "orderbot.teleproduct", "pk": 173, "fields": {"name": "\u9999\u5e72\u56de\u9505\u8089", "code": "3", "price": "0.00", "is_union_price": true, "category": "1", "store": 7, "role": "Lunch", "enabled_day": 2}}, {"model": "orderbot.teleproduct", "pk": 174, "fields": {"name": "\u9178\u8fa3\u571f\u8c46\u4e1d", "code": "4", "price": "0.00", "is_union_price": true, "category": "0", "store": 7, "role": "Lunch", "enabled_day": 2}}, {"model": "orderbot.teleproduct", "pk": 175, "fields": {"name": "\u6e05\u7092\u9ec4\u74dc", "code": "5", "price": "0.00", "is_union_price": true, "category": "0", "store": 7, "role": "Lunch", "enabled_day": 2}}, {"model": "orderbot.teleproduct", "pk": 176, "fields": {"name": "\u6e05\u7092\u5c0f\u9752\u83dc", "code": "6", "price": "0.00", "is_union_price": true, "category": "0", "store": 7, "role": "Lunch", "enabled_day": 2}}, {"model": "orderbot.teleproduct", "pk": 177, "fields": {"name": "\u9999\u8fa3\u9e21\u7fc5", "code": "1", "price": "0.00", "is_union_price": true, "category": "1", "store": 7, "role": "Lunch", "enabled_day": 3}}, {"model": "orderbot.teleproduct", "pk": 178, "fields": {"name": "\u725b\u8089\u7096\u571f\u8c46", "code": "2", "price": "0.00", "is_union_price": true, "category": "1", "store": 7, "role": "Lunch", "enabled_day": 3}}, {"model": "orderbot.teleproduct", "pk": 179, "fields": {"name": "\u82b9\u83dc\u7092\u8089", "code": "3", "price": "0.00", "is_union_price": true, "category": "1", "store": 7, "role": "Lunch", "enabled_day": 3}}, {"model": "orderbot.teleproduct", "pk": 180, "fields": {"name": "\u6e05\u7092\u56db\u5366", "code": "4", "price": "0.00", "is_union_price": true, "category": "0", "store": 7, "role": "Lunch", "enabled_day": 3}}, {"model": "orderbot.teleproduct", "pk": 181, "fields": {"name": "\u6c34\u84b8\u86cb", "code": "5", "price": "0.00", "is_union_price": true, "category": "0", "store": 7, "role": "Lunch", "enabled_day": 3}}, {"model": "orderbot.teleproduct", "pk": 182, "fields": {"name": "\u849c\u6ce5\u8304\u5b50", "code": "6", "price": "0.00", "is_union_price": true, "category": "0", "store": 7, "role": "Lunch", "enabled_day": 3}}, {"model": "orderbot.teleproduct", "pk": 183, "fields": {"name": "\u8fa3\u5b50\u9e21", "code": "1", "price": "0.00", "is_union_price": true, "category": "1", "store": 7, "role": "Lunch", "enabled_day": 4}}, {"model": "orderbot.teleproduct", "pk": 184, "fields": {"name": "\u897f\u5170\u82b1\u56de\u9505\u8089", "code": "2", "price": "0.00", "is_union_price": true, "category": "1", "store": 7, "role": "Lunch", "enabled_day": 4}}, {"model": "orderbot.teleproduct", "pk": 185, "fields": {"name": "\u82b9\u83dc\u7092\u8089", "code": "3", "price": "0.00", "is_union_price": true, "category": "1", "store": 7, "role": "Lunch", "enabled_day": 4}}, {"model": "orderbot.teleproduct", "pk": 186, "fields": {"name": "\u6e05\u7092\u767d\u83dc", "code": "4", "price": "0.00", "is_union_price": true, "category": "0", "store": 7, "role": "Lunch", "enabled_day": 4}}, {"model": "orderbot.teleproduct", "pk": 187, "fields": {"name": "\u7092\u5357\u74dc", "code": "5", "price": "0.00", "is_union_price": true, "category": "0", "store": 7, "role": "Lunch", "enabled_day": 4}}, {"model": "orderbot.teleproduct", "pk": 188, "fields": {"name": "\u9178\u8fa3\u571f\u8c46\u4e1d", "code": "6", "price": "0.00", "is_union_price": true, "category": "0", "store": 7, "role": "Lunch", "enabled_day": 4}}, {"model": "orderbot.teleproduct", "pk": 189, "fields": {"name": "\u6392\u9aa8\u7096\u571f\u8c46", "code": "1", "price": "0.00", "is_union_price": true, "category": "1", "store": 7, "role": "Lunch", "enabled_day": 5}}, {"model": "orderbot.teleproduct", "pk": 190, "fields": {"name": "\u7ea2\u70e7\u9c7c", "code": "2", "price": "0.00", "is_union_price": true, "category": "1", "store": 7, "role": "Lunch", "enabled_day": 5}}, {"model": "orderbot.teleproduct", "pk": 191, "fields": {"name": "\u6728\u8033\u7092\u8089", "code": "3", "price": "0.00", "is_union_price": true, "category": "1", "store": 7, "role": "Lunch", "enabled_day": 5}}, {"model": "orderbot.teleproduct", "pk": 192, "fields": {"name": "\u6e05\u7092\u80e1\u841d\u535c", "code": "4", "price": "0.00", "is_union_price": true, "category": "0", "store": 7, "role": "Lunch", "enabled_day": 5}}, {"model": "orderbot.teleproduct", "pk": 193, "fields": {"name": "\u5e72\u9505\u5305\u83dc", "code": "5", "price": "0.00", "is_union_price": true, "category": "0", "store": 7, "role": "Lunch", "enabled_day": 5}}, {"model": "orderbot.teleproduct", "pk": 194, "fields": {"name": "\u849c\u6ce5\u7a7a\u5fc3\u83dc", "code": "6", "price": "0.00", "is_union_price": true, "category": "0", "store": 7, "role": "Lunch", "enabled_day": 5}}, {"model": "orderbot.teleproduct", "pk": 195, "fields": {"name": "\u9999\u8fa3\u9e21\u7fc5", "code": "1", "price": "0.00", "is_union_price": true, "category": "1", "store": 7, "role": "Lunch", "enabled_day": 6}}, {"model": "orderbot.teleproduct", "pk": 196, "fields": {"name": "\u706b\u817f\u7092\u8089", "code": "2", "price": "0.00", "is_union_price": true, "category": "1", "store": 7, "role": "Lunch", "enabled_day": 6}}, {"model": "orderbot.teleproduct", "pk": 197, "fields": {"name": "\u9178\u83dc\u7092\u8089", "code": "3", "price": "0.00", "is_union_price": true, "category": "1", "store": 7, "role": "Lunch", "enabled_day": 6}}, {"model": "orderbot.teleproduct", "pk": 198, "fields": {"name": "\u6c34\u84b8\u86cb", "code": "4", "price": "0.00", "is_union_price": true, "category": "0", "store": 7, "role": "Lunch", "enabled_day": 6}}, {"model": "orderbot.teleproduct", "pk": 199, "fields": {"name": "\u7092\u8c46\u82bd", "code": "5", "price": "0.00", "is_union_price": true, "category": "0", "store": 7, "role": "Lunch", "enabled_day": 6}}, {"model": "orderbot.teleproduct", "pk": 200, "fields": {"name": "\u6e05\u7092\u5c0f\u9752\u83dc", "code": "6", "price": "0.00", "is_union_price": true, "category": "0", "store": 7, "role": "Lunch", "enabled_day": 6}}, {"model": "orderbot.telepricepolicy", "pk": 1, "fields": {"unioncode": "001", "price": "160.00", "store": 2}}, {"model": "orderbot.telepricepolicy", "pk": 2, "fields": {"unioncode": "111", "price": "260.00", "store": 2}}, {"model": "orderbot.telepricepolicy", "pk": 3, "fields": {"unioncode": "112", "price": "220.00", "store": 2}}, {"model": "orderbot.telepricepolicy", "pk": 4, "fields": {"unioncode": "011", "price": "200.00", "store": 2}}, {"model": "orderbot.telepricepolicy", "pk": 5, "fields": {"unioncode": "122", "price": "200.00", "store": 2}}, {"model": "orderbot.telepricepolicy", "pk": 6, "fields": {"unioncode": "222", "price": "180.00", "store": 2}}, {"model": "orderbot.telepricepolicy", "pk": 7, "fields": {"unioncode": "012", "price": "160.00", "store": 2}}, {"model": "orderbot.telepricepolicy", "pk": 8, "fields": {"unioncode": "022", "price": "160.00", "store": 2}}, {"model": "orderbot.telepricepolicy", "pk": 9, "fields": {"unioncode": "002", "price": "160.00", "store": 2}}, {"model": "orderbot.telepricepolicy", "pk": 12, "fields": {"unioncode": "001", "price": "150.00", "store": 7}}, {"model": "orderbot.telepricepolicy", "pk": 13, "fields": {"unioncode": "011", "price": "200.00", "store": 7}}, {"model": "orderbot.telepricepolicy", "pk": 14, "fields": {"unioncode": "111", "price": "230.00", "store": 7}}, {"model": "orderbot.teleorder", "pk": 1, "fields": {"date_created": "2017-10-28T12:48:52+08:00", "delivery_at": null, "total": "0.00", "status": "closed", "group": 2, "store": 1}}, {"model": "orderbot.teleorder", "pk": 2, "fields": {"date_created": "2017-10-28T13:00:59+08:00", "delivery_at": null, "total": "0.00", "status": "closed", "group": 3, "store": 1}}, {"model": "orderbot.teleorder", "pk": 3, "fields": {"date_created": "2017-10-29T06:59:32+08:00", "delivery_at": null, "total": "0.00", "status": "closed", "group": 3, "store": 1}}, {"model": "orderbot.teleorder", "pk": 4, "fields": {"date_created": "2017-10-30T09:25:58+08:00", "delivery_at": null, "total": "0.00", "status": "invalid", "group": 3, "store": 1}}, {"model": "orderbot.teleorder", "pk": 5, "fields": {"date_created": "2017-10-30T09:27:46+08:00", "delivery_at": null, "total": "0.00", "status": "invalid", "group": 3, "store": 1}}, {"model": "orderbot.teleorder", "pk": 6, "fields": {"date_created": "2017-10-30T09:28:00+08:00", "delivery_at": null, "total": "0.00", "status": "closed", "group": 2, "store": 1}}, {"model": "orderbot.teleorder", "pk": 7, "fields": {"date_created": "2017-10-30T11:59:30+08:00", "delivery_at": null, "total": "0.00", "status": "closed", "group": 3, "store": 1}}, {"model": "orderbot.teleorder", "pk": 8, "fields": {"date_created": "2017-10-31T07:32:33+08:00", "delivery_at": null, "total": "0.00", "status": "closed", "group": 3, "store": 2}}, {"model": "orderbot.teleorder", "pk": 9, "fields": {"date_created": "2017-10-31T08:32:44+08:00", "delivery_at": null, "total": "0.00", "status": "closed", "group": 2, "store": 2}}, {"model": "orderbot.teleorder", "pk": 10, "fields": {"date_created": "2017-11-02T01:03:38+08:00", "delivery_at": null, "total": "0.00", "status": "closed", "group": 2, "store": 2}}, {"model": "orderbot.teleorder", "pk": 11, "fields": {"date_created": "2017-11-02T07:41:18+08:00", "delivery_at": null, "total": "0.00", "status": "invalid", "group": 2, "store": 1}}, {"model": "orderbot.teleorder", "pk": 12, "fields": {"date_created": "2017-11-03T09:25:49+08:00", "delivery_at": null, "total": "0.00", "status": "closed", "group": 2, "store": 2}}, {"model": "orderbot.teleorder", "pk": 13, "fields": {"date_created": "2017-11-03T14:01:39+08:00", "delivery_at": null, "total": "0.00", "status": "closed", "group": 2, "store": 1}}, {"model": "orderbot.teleorder", "pk": 14, "fields": {"date_created": "2017-11-06T09:12:02+08:00", "delivery_at": null, "total": "0.00", "status": "closed", "group": 2, "store": 2}}, {"model": "orderbot.teleorder", "pk": 15, "fields": {"date_created": "2017-11-06T18:41:28+08:00", "delivery_at": null, "total": "1560.00", "status": "closed", "group": 3, "store": 2}}, {"model": "orderbot.teleorder", "pk": 16, "fields": {"date_created": "2017-11-06T19:21:03+08:00", "delivery_at": null, "total": "80.00", "status": "closed", "group": 2, "store": 1}}, {"model": "orderbot.teleorder", "pk": 17, "fields": {"date_created": "2017-11-07T08:56:53+08:00", "delivery_at": null, "total": "1480.00", "status": "closed", "group": 2, "store": 2}}, {"model": "orderbot.teleorder", "pk": 18, "fields": {"date_created": "2017-11-07T09:36:56+08:00", "delivery_at": null, "total": "0.00", "status": "closed", "group": 4, "store": 3}}, {"model": "orderbot.teleorder", "pk": 19, "fields": {"date_created": "2017-11-07T13:16:10+08:00", "delivery_at": null, "total": "1060.00", "status": "closed", "group": 2, "store": 1}}, {"model": "orderbot.teleorder", "pk": 20, "fields": {"date_created": "2017-11-08T09:44:26+08:00", "delivery_at": null, "total": "270.00", "status": "closed", "group": 3, "store": 7}}, {"model": "orderbot.teleorder", "pk": 21, "fields": {"date_created": "2017-11-08T09:58:16+08:00", "delivery_at": null, "total": "1000.00", "status": "closed", "group": 2, "store": 7}}, {"model": "orderbot.teleorder", "pk": 22, "fields": {"date_created": "2017-11-08T16:38:56+08:00", "delivery_at": null, "total": "595.00", "status": "closed", "group": 2, "store": 1}}, {"model": "orderbot.teleorder", "pk": 23, "fields": {"date_created": "2017-11-09T09:09:31+08:00", "delivery_at": null, "total": "1900.00", "status": "closed", "group": 2, "store": 4}}, {"model": "orderbot.teleorder", "pk": 24, "fields": {"date_created": "2017-11-09T15:57:55+08:00", "delivery_at": null, "total": "900.00", "status": "closed", "group": 2, "store": 6}}, {"model": "orderbot.teleorder", "pk": 25, "fields": {"date_created": "2017-11-10T09:30:33+08:00", "delivery_at": null, "total": "450.00", "status": "closed", "group": 2, "store": 3}}, {"model": "orderbot.teleorder", "pk": 26, "fields": {"date_created": "2017-11-16T10:04:38+08:00", "delivery_at": null, "total": "750.00", "status": "closed", "group": 2, "store": 7}}, {"model": "orderbot.teleorder", "pk": 27, "fields": {"date_created": "2017-11-16T15:25:23+08:00", "delivery_at": null, "total": "1060.00", "status": "closed", "group": 2, "store": 6}}, {"model": "orderbot.teleorder", "pk": 28, "fields": {"date_created": "2017-11-16T15:54:47+08:00", "delivery_at": null, "total": "40.00", "status": "closed", "group": 3, "store": 1}}, {"model": "orderbot.teleorder", "pk": 29, "fields": {"date_created": "2017-11-17T09:20:54+08:00", "delivery_at": null, "total": "0.00", "status": "open", "group": 3, "store": 2}}, {"model": "orderbot.teleorder", "pk": 30, "fields": {"date_created": "2017-11-17T09:21:27+08:00", "delivery_at": null, "total": "800.00", "status": "closed", "group": 2, "store": 2}}, {"model": "orderbot.teleorderitem", "pk": 4, "fields": {"order": 3, "user": 1, "product": 1, "amount": 2, "is_union_price": false, "total": "80.00", "date_created": "2017-10-29T06:59:48+08:00", "description": "", "code": ""}}, {"model": "orderbot.teleorderitem", "pk": 5, "fields": {"order": 1, "user": 1, "product": 9, "amount": 1, "is_union_price": false, "total": "40.00", "date_created": "2017-10-29T07:53:35+08:00", "description": "", "code": ""}}, {"model": "orderbot.teleorderitem", "pk": 6, "fields": {"order": 1, "user": 1, "product": 2, "amount": 1, "is_union_price": false, "total": "40.00", "date_created": "2017-10-29T07:53:57+08:00", "description": "", "code": ""}}, {"model": "orderbot.teleorderitem", "pk": 9, "fields": {"order": 1, "user": 4, "product": 11, "amount": 1, "is_union_price": false, "total": "30.00", "date_created": "2017-10-29T09:53:43+08:00", "description": "", "code": ""}}, {"model": "orderbot.teleorderitem", "pk": 10, "fields": {"order": 1, "user": 4, "product": 12, "amount": 1, "is_union_price": false, "total": "40.00", "date_created": "2017-10-29T09:53:47+08:00", "description": "", "code": ""}}, {"model": "orderbot.teleorderitem", "pk": 11, "fields": {"order": 1, "user": 4, "product": 6, "amount": 1, "is_union_price": false, "total": "35.00", "date_created": "2017-10-29T09:53:59+08:00", "description": "", "code": ""}}, {"model": "orderbot.teleorderitem", "pk": 12, "fields": {"order": 1, "user": 5, "product": 5, "amount": 1, "is_union_price": false, "total": "50.00", "date_created": "2017-10-29T13:09:03+08:00", "description": "", "code": ""}}, {"model": "orderbot.teleorderitem", "pk": 13, "fields": {"order": 3, "user": 4, "product": 3, "amount": 6, "is_union_price": false, "total": "240.00", "date_created": "2017-10-30T01:48:50+08:00", "description": "", "code": ""}}, {"model": "orderbot.teleorderitem", "pk": 14, "fields": {"order": 1, "user": 6, "product": 2, "amount": 2, "is_union_price": false, "total": "80.00", "date_created": "2017-10-30T01:51:27+08:00", "description": "", "code": ""}}, {"model": "orderbot.teleorderitem", "pk": 15, "fields": {"order": 1, "user": 4, "product": 3, "amount": 1, "is_union_price": false, "total": "40.00", "date_created": "2017-10-30T01:55:56+08:00", "description": "", "code": ""}}, {"model": "orderbot.teleorderitem", "pk": 16, "fields": {"order": 6, "user": 1, "product": 5, "amount": 1, "is_union_price": false, "total": "50.00", "date_created": "2017-10-30T09:28:36+08:00", "description": "", "code": ""}}, {"model": "orderbot.teleorderitem", "pk": 17, "fields": {"order": 6, "user": 1, "product": 11, "amount": 1, "is_union_price": false, "total": "30.00", "date_created": "2017-10-30T09:29:19+08:00", "description": "", "code": ""}}, {"model": "orderbot.teleorderitem", "pk": 18, "fields": {"order": 6, "user": 1, "product": 12, "amount": 1, "is_union_price": false, "total": "40.00", "date_created": "2017-10-30T09:29:24+08:00", "description": "", "code": ""}}, {"model": "orderbot.teleorderitem", "pk": 19, "fields": {"order": 6, "user": 5, "product": 5, "amount": 1, "is_union_price": false, "total": "50.00", "date_created": "2017-10-30T09:30:29+08:00", "description": "", "code": ""}}, {"model": "orderbot.teleorderitem", "pk": 20, "fields": {"order": 6, "user": 4, "product": 3, "amount": 1, "is_union_price": false, "total": "40.00", "date_created": "2017-10-30T09:38:33+08:00", "description": "", "code": ""}}, {"model": "orderbot.teleorderitem", "pk": 21, "fields": {"order": 6, "user": 4, "product": 4, "amount": 1, "is_union_price": false, "total": "40.00", "date_created": "2017-10-30T09:38:41+08:00", "description": "", "code": ""}}, {"model": "orderbot.teleorderitem", "pk": 22, "fields": {"order": 6, "user": 4, "product": 11, "amount": 1, "is_union_price": false, "total": "30.00", "date_created": "2017-10-30T09:39:03+08:00", "description": "", "code": ""}}, {"model": "orderbot.teleorderitem", "pk": 23, "fields": {"order": 6, "user": 4, "product": 12, "amount": 1, "is_union_price": false, "total": "40.00", "date_created": "2017-10-30T09:39:11+08:00", "description": "", "code": ""}}, {"model": "orderbot.teleorderitem", "pk": 25, "fields": {"order": 6, "user": 7, "product": 11, "amount": 1, "is_union_price": false, "total": "30.00", "date_created": "2017-10-30T09:41:19+08:00", "description": "", "code": ""}}, {"model": "orderbot.teleorderitem", "pk": 28, "fields": {"order": 6, "user": 6, "product": 2, "amount": 2, "is_union_price": false, "total": "80.00", "date_created": "2017-10-30T09:49:22+08:00", "description": "", "code": ""}}, {"model": "orderbot.teleorderitem", "pk": 29, "fields": {"order": 6, "user": 6, "product": 10, "amount": 1, "is_union_price": false, "total": "30.00", "date_created": "2017-10-30T09:49:54+08:00", "description": "", "code": ""}}, {"model": "orderbot.teleorderitem", "pk": 30, "fields": {"order": 7, "user": 1, "product": 1, "amount": 1, "is_union_price": true, "total": "0.00", "date_created": "2017-10-30T11:59:46+08:00", "description": "", "code": ""}}, {"model": "orderbot.teleorderitem", "pk": 31, "fields": {"order": 7, "user": 1, "product": 2, "amount": 2, "is_union_price": true, "total": "0.00", "date_created": "2017-10-30T12:29:03+08:00", "description": "", "code": ""}}, {"model": "orderbot.teleorderitem", "pk": 38, "fields": {"order": 8, "user": 1, "product": 23, "amount": 2, "is_union_price": true, "total": "0.00", "date_created": "2017-10-31T07:35:48+08:00", "description": "", "code": ""}}, {"model": "orderbot.teleorderitem", "pk": 39, "fields": {"order": 8, "user": 1, "product": 28, "amount": 1, "is_union_price": true, "total": "0.00", "date_created": "2017-10-31T07:45:54+08:00", "description": "", "code": ""}}, {"model": "orderbot.teleorderitem", "pk": 40, "fields": {"order": 8, "user": 1, "product": 30, "amount": 1, "is_union_price": true, "total": "0.00", "date_created": "2017-10-31T08:05:47+08:00", "description": "", "code": ""}}, {"model": "orderbot.teleorderitem", "pk": 48, "fields": {"order": 10, "user": 1, "product": 41, "amount": 2, "is_union_price": true, "total": "0.00", "date_created": "2017-11-02T01:05:59+08:00", "description": "", "code": ""}}, {"model": "orderbot.teleorderitem", "pk": 49, "fields": {"order": 10, "user": 1, "product": 43, "amount": 2, "is_union_price": true, "total": "0.00", "date_created": "2017-11-02T01:05:59+08:00", "description": "", "code": ""}}, {"model": "orderbot.teleorderitem", "pk": 50, "fields": {"order": 10, "user": 1, "product": 47, "amount": 2, "is_union_price": true, "total": "0.00", "date_created": "2017-11-02T01:05:59+08:00", "description": "", "code": ""}}, {"model": "orderbot.teleorderitem", "pk": 54, "fields": {"order": 10, "user": 5, "product": 40, "amount": 1, "is_union_price": true, "total": "0.00", "date_created": "2017-11-02T01:12:52+08:00", "description": "", "code": ""}}, {"model": "orderbot.teleorderitem", "pk": 55, "fields": {"order": 10, "user": 5, "product": 44, "amount": 1, "is_union_price": true, "total": "0.00", "date_created": "2017-11-02T01:12:52+08:00", "description": "", "code": ""}}, {"model": "orderbot.teleorderitem", "pk": 56, "fields": {"order": 10, "user": 5, "product": 48, "amount": 1, "is_union_price": true, "total": "0.00", "date_created": "2017-11-02T01:12:52+08:00", "description": "", "code": ""}}, {"model": "orderbot.teleorderitem", "pk": 57, "fields": {"order": 10, "user": 4, "product": 40, "amount": 1, "is_union_price": true, "total": "0.00", "date_created": "2017-11-02T01:18:14+08:00", "description": "", "code": ""}}, {"model": "orderbot.teleorderitem", "pk": 58, "fields": {"order": 10, "user": 4, "product": 46, "amount": 1, "is_union_price": true, "total": "0.00", "date_created": "2017-11-02T01:18:14+08:00", "description": "", "code": ""}}, {"model": "orderbot.teleorderitem", "pk": 59, "fields": {"order": 10, "user": 4, "product": 47, "amount": 1, "is_union_price": true, "total": "0.00", "date_created": "2017-11-02T01:18:14+08:00", "description": "", "code": ""}}, {"model": "orderbot.teleorderitem", "pk": 60, "fields": {"order": 10, "user": 7, "product": 44, "amount": 1, "is_union_price": true, "total": "0.00", "date_created": "2017-11-02T01:19:39+08:00", "description": "", "code": ""}}, {"model": "orderbot.teleorderitem", "pk": 61, "fields": {"order": 10, "user": 7, "product": 46, "amount": 1, "is_union_price": true, "total": "0.00", "date_created": "2017-11-02T01:19:39+08:00", "description": "", "code": ""}}, {"model": "orderbot.teleorderitem", "pk": 62, "fields": {"order": 10, "user": 7, "product": 47, "amount": 1, "is_union_price": true, "total": "0.00", "date_created": "2017-11-02T01:19:39+08:00", "description": "", "code": ""}}, {"model": "orderbot.teleorderitem", "pk": 63, "fields": {"order": 11, "user": 6, "product": 2, "amount": 2, "is_union_price": false, "total": "80.00", "date_created": "2017-11-02T07:41:45+08:00", "description": "", "code": ""}}, {"model": "orderbot.teleorderitem", "pk": 64, "fields": {"order": 11, "user": 2, "product": 2, "amount": 2, "is_union_price": false, "total": "80.00", "date_created": "2017-11-02T07:43:06+08:00", "description": "", "code": ""}}, {"model": "orderbot.teleorderitem", "pk": 65, "fields": {"order": 11, "user": 2, "product": 9, "amount": 1, "is_union_price": false, "total": "40.00", "date_created": "2017-11-02T07:43:22+08:00", "description": "", "code": ""}}, {"model": "orderbot.teleorderitem", "pk": 66, "fields": {"order": 11, "user": 2, "product": 12, "amount": 1, "is_union_price": false, "total": "40.00", "date_created": "2017-11-02T07:43:49+08:00", "description": "", "code": ""}}, {"model": "orderbot.teleorderitem", "pk": 67, "fields": {"order": 11, "user": 5, "product": 5, "amount": 1, "is_union_price": false, "total": "50.00", "date_created": "2017-11-02T17:21:24+08:00", "description": "", "code": ""}}, {"model": "orderbot.teleorderitem", "pk": 68, "fields": {"order": 11, "user": 7, "product": 11, "amount": 1, "is_union_price": false, "total": "30.00", "date_created": "2017-11-02T17:21:56+08:00", "description": "", "code": ""}}, {"model": "orderbot.teleorderitem", "pk": 69, "fields": {"order": 11, "user": 1, "product": 3, "amount": 2, "is_union_price": false, "total": "80.00", "date_created": "2017-11-02T17:22:13+08:00", "description": "", "code": ""}}, {"model": "orderbot.teleorderitem", "pk": 70, "fields": {"order": 11, "user": 1, "product": 11, "amount": 1, "is_union_price": false, "total": "30.00", "date_created": "2017-11-02T17:22:13+08:00", "description": "", "code": ""}}, {"model": "orderbot.teleorderitem", "pk": 71, "fields": {"order": 11, "user": 1, "product": 12, "amount": 1, "is_union_price": false, "total": "40.00", "date_created": "2017-11-02T17:22:13+08:00", "description": "", "code": ""}}, {"model": "orderbot.teleorderitem", "pk": 72, "fields": {"order": 11, "user": 4, "product": 3, "amount": 2, "is_union_price": false, "total": "80.00", "date_created": "2017-11-02T17:25:44+08:00", "description": "", "code": ""}}, {"model": "orderbot.teleorderitem", "pk": 73, "fields": {"order": 11, "user": 4, "product": 6, "amount": 1, "is_union_price": false, "total": "35.00", "date_created": "2017-11-02T17:25:44+08:00", "description": "", "code": ""}}, {"model": "orderbot.teleorderitem", "pk": 74, "fields": {"order": 11, "user": 4, "product": 11, "amount": 1, "is_union_price": false, "total": "30.00", "date_created": "2017-11-02T17:25:44+08:00", "description": "", "code": ""}}, {"model": "orderbot.teleorderitem", "pk": 75, "fields": {"order": 11, "user": 4, "product": 12, "amount": 1, "is_union_price": false, "total": "40.00", "date_created": "2017-11-02T17:25:44+08:00", "description": "", "code": ""}}, {"model": "orderbot.teleorderitem", "pk": 76, "fields": {"order": 12, "user": 1, "product": 49, "amount": 1, "is_union_price": true, "total": "0.00", "date_created": "2017-11-03T09:29:14+08:00", "description": "", "code": ""}}, {"model": "orderbot.teleorderitem", "pk": 77, "fields": {"order": 12, "user": 1, "product": 54, "amount": 1, "is_union_price": true, "total": "0.00", "date_created": "2017-11-03T09:29:14+08:00", "description": "", "code": ""}}, {"model": "orderbot.teleorderitem", "pk": 78, "fields": {"order": 12, "user": 1, "product": 55, "amount": 1, "is_union_price": true, "total": "0.00", "date_created": "2017-11-03T09:29:14+08:00", "description": "", "code": ""}}, {"model": "orderbot.teleorderitem", "pk": 79, "fields": {"order": 12, "user": 7, "product": 52, "amount": 1, "is_union_price": true, "total": "0.00", "date_created": "2017-11-03T09:29:35+08:00", "description": "", "code": ""}}, {"model": "orderbot.teleorderitem", "pk": 80, "fields": {"order": 12, "user": 7, "product": 56, "amount": 1, "is_union_price": true, "total": "0.00", "date_created": "2017-11-03T09:29:35+08:00", "description": "", "code": ""}}, {"model": "orderbot.teleorderitem", "pk": 81, "fields": {"order": 12, "user": 7, "product": 57, "amount": 1, "is_union_price": true, "total": "0.00", "date_created": "2017-11-03T09:29:35+08:00", "description": "", "code": ""}}, {"model": "orderbot.teleorderitem", "pk": 82, "fields": {"order": 12, "user": 4, "product": 49, "amount": 1, "is_union_price": true, "total": "0.00", "date_created": "2017-11-03T09:33:17+08:00", "description": "", "code": ""}}, {"model": "orderbot.teleorderitem", "pk": 83, "fields": {"order": 12, "user": 4, "product": 54, "amount": 1, "is_union_price": true, "total": "0.00", "date_created": "2017-11-03T09:33:17+08:00", "description": "", "code": ""}}, {"model": "orderbot.teleorderitem", "pk": 84, "fields": {"order": 12, "user": 4, "product": 57, "amount": 1, "is_union_price": true, "total": "0.00", "date_created": "2017-11-03T09:33:17+08:00", "description": "", "code": ""}}, {"model": "orderbot.teleorderitem", "pk": 85, "fields": {"order": 13, "user": 6, "product": 2, "amount": 2, "is_union_price": false, "total": "80.00", "date_created": "2017-11-03T14:01:59+08:00", "description": "", "code": ""}}, {"model": "orderbot.teleorderitem", "pk": 86, "fields": {"order": 13, "user": 1, "product": 3, "amount": 2, "is_union_price": false, "total": "80.00", "date_created": "2017-11-03T14:03:15+08:00", "description": "", "code": ""}}, {"model": "orderbot.teleorderitem", "pk": 87, "fields": {"order": 13, "user": 1, "product": 11, "amount": 1, "is_union_price": false, "total": "30.00", "date_created": "2017-11-03T14:03:15+08:00", "description": "", "code": ""}}, {"model": "orderbot.teleorderitem", "pk": 88, "fields": {"order": 13, "user": 1, "product": 12, "amount": 1, "is_union_price": false, "total": "40.00", "date_created": "2017-11-03T14:03:15+08:00", "description": "", "code": ""}}, {"model": "orderbot.teleorderitem", "pk": 89, "fields": {"order": 13, "user": 5, "product": 5, "amount": 1, "is_union_price": false, "total": "50.00", "date_created": "2017-11-03T14:03:22+08:00", "description": "", "code": ""}}, {"model": "orderbot.teleorderitem", "pk": 90, "fields": {"order": 13, "user": 5, "product": 8, "amount": 1, "is_union_price": false, "total": "80.00", "date_created": "2017-11-03T14:03:51+08:00", "description": "", "code": ""}}, {"model": "orderbot.teleorderitem", "pk": 91, "fields": {"order": 13, "user": 4, "product": 3, "amount": 2, "is_union_price": false, "total": "80.00", "date_created": "2017-11-03T17:34:54+08:00", "description": "", "code": ""}}, {"model": "orderbot.teleorderitem", "pk": 92, "fields": {"order": 13, "user": 4, "product": 6, "amount": 1, "is_union_price": false, "total": "35.00", "date_created": "2017-11-03T17:34:54+08:00", "description": "", "code": ""}}, {"model": "orderbot.teleorderitem", "pk": 93, "fields": {"order": 13, "user": 4, "product": 11, "amount": 1, "is_union_price": false, "total": "30.00", "date_created": "2017-11-03T17:34:54+08:00", "description": "", "code": ""}}, {"model": "orderbot.teleorderitem", "pk": 94, "fields": {"order": 13, "user": 4, "product": 12, "amount": 1, "is_union_price": false, "total": "40.00", "date_created": "2017-11-03T17:34:54+08:00", "description": "", "code": ""}}, {"model": "orderbot.teleorderitem", "pk": 95, "fields": {"order": 13, "user": 2, "product": 2, "amount": 2, "is_union_price": false, "total": "80.00", "date_created": "2017-11-03T17:41:53+08:00", "description": "", "code": ""}}, {"model": "orderbot.teleorderitem", "pk": 96, "fields": {"order": 13, "user": 2, "product": 11, "amount": 1, "is_union_price": false, "total": "30.00", "date_created": "2017-11-03T17:42:12+08:00", "description": "", "code": ""}}, {"model": "orderbot.teleorderitem", "pk": 97, "fields": {"order": 13, "user": 2, "product": 12, "amount": 1, "is_union_price": false, "total": "40.00", "date_created": "2017-11-03T17:42:24+08:00", "description": "", "code": ""}}, {"model": "orderbot.teleorderitem", "pk": 98, "fields": {"order": 14, "user": 4, "product": 13, "amount": 1, "is_union_price": true, "total": "0.00", "date_created": "2017-11-06T09:16:27+08:00", "description": "", "code": ""}}, {"model": "orderbot.teleorderitem", "pk": 99, "fields": {"order": 14, "user": 4, "product": 16, "amount": 1, "is_union_price": true, "total": "0.00", "date_created": "2017-11-06T09:16:27+08:00", "description": "", "code": ""}}, {"model": "orderbot.teleorderitem", "pk": 100, "fields": {"order": 14, "user": 4, "product": 21, "amount": 1, "is_union_price": true, "total": "0.00", "date_created": "2017-11-06T09:16:27+08:00", "description": "", "code": ""}}, {"model": "orderbot.teleorderitem", "pk": 105, "fields": {"order": 14, "user": 5, "product": 13, "amount": 1, "is_union_price": true, "total": "0.00", "date_created": "2017-11-06T09:29:51+08:00", "description": "", "code": ""}}, {"model": "orderbot.teleorderitem", "pk": 106, "fields": {"order": 14, "user": 5, "product": 19, "amount": 1, "is_union_price": true, "total": "0.00", "date_created": "2017-11-06T09:29:51+08:00", "description": "", "code": ""}}, {"model": "orderbot.teleorderitem", "pk": 107, "fields": {"order": 14, "user": 5, "product": 16, "amount": 1, "is_union_price": true, "total": "0.00", "date_created": "2017-11-06T09:29:51+08:00", "description": "", "code": ""}}, {"model": "orderbot.teleorderitem", "pk": 108, "fields": {"order": 15, "user": 1, "product": 1, "amount": 1, "is_union_price": true, "total": "260.00", "date_created": "2017-11-06T18:59:20+08:00", "description": "\u571f\u8c46\u725b\u8089 \u5c16\u6912\u9e21 \u5c16\u6912\u7092\u8089 ", "code": "A1A2A3"}}, {"model": "orderbot.teleorderitem", "pk": 109, "fields": {"order": 15, "user": 1, "product": 1, "amount": 1, "is_union_price": true, "total": "260.00", "date_created": "2017-11-06T19:00:19+08:00", "description": "\u571f\u8c46\u725b\u8089 \u5c16\u6912\u9e21 \u5c16\u6912\u7092\u8089 ", "code": "A1A2A3"}}, {"model": "orderbot.teleorderitem", "pk": 110, "fields": {"order": 15, "user": 1, "product": 1, "amount": 1, "is_union_price": true, "total": "260.00", "date_created": "2017-11-06T19:04:07+08:00", "description": "\u571f\u8c46\u725b\u8089 \u5c16\u6912\u9e21 \u5c16\u6912\u7092\u8089 ", "code": "A1A2A3"}}, {"model": "orderbot.teleorderitem", "pk": 111, "fields": {"order": 15, "user": 1, "product": 1, "amount": 1, "is_union_price": true, "total": "260.00", "date_created": "2017-11-06T19:04:14+08:00", "description": "\u571f\u8c46\u725b\u8089 \u5c16\u6912\u9e21 \u5c16\u6912\u7092\u8089 ", "code": "A1A2A3"}}, {"model": "orderbot.teleorderitem", "pk": 112, "fields": {"order": 15, "user": 1, "product": 1, "amount": 1, "is_union_price": true, "total": "260.00", "date_created": "2017-11-06T19:06:19+08:00", "description": "\u571f\u8c46\u725b\u8089 \u5c16\u6912\u9e21 \u5c16\u6912\u7092\u8089 ", "code": "A1A2A3"}}, {"model": "orderbot.teleorderitem", "pk": 113, "fields": {"order": 15, "user": 1, "product": 1, "amount": 1, "is_union_price": true, "total": "260.00", "date_created": "2017-11-06T19:09:37+08:00", "description": "\u571f\u8c46\u725b\u8089 \u5c16\u6912\u9e21 \u5c16\u6912\u7092\u8089 ", "code": "A1A2A3"}}, {"model": "orderbot.teleorderitem", "pk": 114, "fields": {"order": 16, "user": 1, "product": 2, "amount": 2, "is_union_price": false, "total": "80.00", "date_created": "2017-11-07T08:40:32+08:00", "description": "\u6c34\u714e\u5305*2", "code": ""}}, {"model": "orderbot.teleorderitem", "pk": 115, "fields": {"order": 17, "user": 1, "product": 1, "amount": 1, "is_union_price": true, "total": "260.00", "date_created": "2017-11-07T08:58:24+08:00", "description": "\u7ea2\u70e7\u732a\u8e44 \u6885\u8c46\u70e7\u8089 \u7ea2\u70e7\u5927\u80a0 ", "code": "A1A2A3"}}, {"model": "orderbot.teleorderitem", "pk": 116, "fields": {"order": 17, "user": 1, "product": 1, "amount": 1, "is_union_price": true, "total": "260.00", "date_created": "2017-11-07T08:59:00+08:00", "description": "\u7ea2\u70e7\u732a\u8e44 \u6885\u8c46\u70e7\u8089 \u7ea2\u70e7\u5927\u80a0 ", "code": "A1A2A3"}}, {"model": "orderbot.teleorderitem", "pk": 117, "fields": {"order": 17, "user": 4, "product": 23, "amount": 1, "is_union_price": true, "total": "160.00", "date_created": "2017-11-07T09:02:44+08:00", "description": "\u6885\u8c46\u70e7\u8089 \u9178\u8fa3\u8089\u672b \u9c7c\u9999\u8304\u5b50 ", "code": "A2B1C2"}}, {"model": "orderbot.teleorderitem", "pk": 119, "fields": {"order": 17, "user": 3, "product": 25, "amount": 1, "is_union_price": true, "total": "160.00", "date_created": "2017-11-07T09:10:15+08:00", "description": "\u9178\u8fa3\u8089\u672b \u9c7c\u9999\u8304\u5b50 \u6e05\u7092\u6d0b\u8471 ", "code": "B1C2C1"}}, {"model": "orderbot.teleorderitem", "pk": 120, "fields": {"order": 17, "user": 3, "product": 23, "amount": 1, "is_union_price": true, "total": "160.00", "date_created": "2017-11-07T09:10:42+08:00", "description": "\u6885\u8c46\u70e7\u8089 \u9178\u8fa3\u8089\u672b \u9c7c\u9999\u8304\u5b50 ", "code": "A2B1C2"}}, {"model": "orderbot.teleorderitem", "pk": 121, "fields": {"order": 17, "user": 5, "product": 24, "amount": 1, "is_union_price": true, "total": "160.00", "date_created": "2017-11-07T09:16:16+08:00", "description": "\u7ea2\u70e7\u5927\u80a0 \u97ed\u83dc\u7092\u9e21\u86cb \u9c7c\u9999\u8304\u5b50 ", "code": "A3B3C2"}}, {"model": "orderbot.teleorderitem", "pk": 122, "fields": {"order": 17, "user": 7, "product": 27, "amount": 1, "is_union_price": true, "total": "160.00", "date_created": "2017-11-07T09:16:17+08:00", "description": "\u97ed\u83dc\u7092\u9e21\u86cb \u6e05\u7092\u6d0b\u8471 \u9c7c\u9999\u8304\u5b50 ", "code": "B3C1C2"}}, {"model": "orderbot.teleorderitem", "pk": 124, "fields": {"order": 19, "user": 4, "product": 3, "amount": 1, "is_union_price": false, "total": "40.00", "date_created": "2017-11-07T13:16:42+08:00", "description": "\u83dc\u9677\u5305\u5b50*1", "code": ""}}, {"model": "orderbot.teleorderitem", "pk": 125, "fields": {"order": 19, "user": 4, "product": 11, "amount": 1, "is_union_price": false, "total": "30.00", "date_created": "2017-11-07T13:16:42+08:00", "description": "\u767d\u7ca5*1", "code": ""}}, {"model": "orderbot.teleorderitem", "pk": 126, "fields": {"order": 19, "user": 4, "product": 12, "amount": 1, "is_union_price": false, "total": "40.00", "date_created": "2017-11-07T13:16:42+08:00", "description": "\u54b8\u83dc*1", "code": ""}}, {"model": "orderbot.teleorderitem", "pk": 127, "fields": {"order": 19, "user": 5, "product": 5, "amount": 1, "is_union_price": false, "total": "50.00", "date_created": "2017-11-07T13:16:55+08:00", "description": "\u5b89\u5fc3\u6cb9\u6761*1", "code": ""}}, {"model": "orderbot.teleorderitem", "pk": 128, "fields": {"order": 19, "user": 6, "product": 2, "amount": 2, "is_union_price": false, "total": "80.00", "date_created": "2017-11-07T13:17:13+08:00", "description": "\u6c34\u714e\u5305*2", "code": ""}}, {"model": "orderbot.teleorderitem", "pk": 129, "fields": {"order": 19, "user": 7, "product": 1, "amount": 1, "is_union_price": false, "total": "40.00", "date_created": "2017-11-07T13:17:19+08:00", "description": "\u8c46\u6d46*1", "code": ""}}, {"model": "orderbot.teleorderitem", "pk": 130, "fields": {"order": 19, "user": 7, "product": 6, "amount": 1, "is_union_price": false, "total": "35.00", "date_created": "2017-11-07T13:17:19+08:00", "description": "\u9992\u5934*1", "code": ""}}, {"model": "orderbot.teleorderitem", "pk": 131, "fields": {"order": 19, "user": 4, "product": 6, "amount": 1, "is_union_price": false, "total": "35.00", "date_created": "2017-11-07T13:17:33+08:00", "description": "\u9992\u5934*1", "code": ""}}, {"model": "orderbot.teleorderitem", "pk": 132, "fields": {"order": 19, "user": 3, "product": 5, "amount": 1, "is_union_price": false, "total": "50.00", "date_created": "2017-11-07T13:17:46+08:00", "description": "\u5b89\u5fc3\u6cb9\u6761*1", "code": ""}}, {"model": "orderbot.teleorderitem", "pk": 133, "fields": {"order": 19, "user": 3, "product": 9, "amount": 1, "is_union_price": false, "total": "40.00", "date_created": "2017-11-07T13:17:46+08:00", "description": "\u5730\u74dc\u7ca5*1", "code": ""}}, {"model": "orderbot.teleorderitem", "pk": 134, "fields": {"order": 19, "user": 1, "product": 1, "amount": 1, "is_union_price": false, "total": "40.00", "date_created": "2017-11-07T13:28:35+08:00", "description": "\u8c46\u6d46*1", "code": ""}}, {"model": "orderbot.teleorderitem", "pk": 135, "fields": {"order": 19, "user": 1, "product": 3, "amount": 2, "is_union_price": false, "total": "80.00", "date_created": "2017-11-07T13:28:35+08:00", "description": "\u83dc\u9677\u5305\u5b50*2", "code": ""}}, {"model": "orderbot.teleorderitem", "pk": 136, "fields": {"order": 19, "user": 1, "product": 5, "amount": 1, "is_union_price": false, "total": "50.00", "date_created": "2017-11-07T13:28:35+08:00", "description": "\u5b89\u5fc3\u6cb9\u6761*1", "code": ""}}, {"model": "orderbot.teleorderitem", "pk": 145, "fields": {"order": 21, "user": 3, "product": 178, "amount": 1, "is_union_price": true, "total": "150.00", "date_created": "2017-11-08T10:10:29+08:00", "description": "\u725b\u8089\u7096\u571f\u8c46 \u849c\u6ce5\u8304\u5b50 \u849c\u6ce5\u8304\u5b50 ", "code": "266"}}, {"model": "orderbot.teleorderitem", "pk": 146, "fields": {"order": 21, "user": 3, "product": 178, "amount": 1, "is_union_price": true, "total": "200.00", "date_created": "2017-11-08T10:11:01+08:00", "description": "\u725b\u8089\u7096\u571f\u8c46 \u82b9\u83dc\u7092\u8089 \u849c\u6ce5\u8304\u5b50 ", "code": "236"}}, {"model": "orderbot.teleorderitem", "pk": 147, "fields": {"order": 21, "user": 7, "product": 179, "amount": 1, "is_union_price": true, "total": "150.00", "date_created": "2017-11-08T10:18:16+08:00", "description": "\u82b9\u83dc\u7092\u8089 \u6e05\u7092\u56db\u5366 \u849c\u6ce5\u8304\u5b50 ", "code": "346"}}, {"model": "orderbot.teleorderitem", "pk": 148, "fields": {"order": 21, "user": 1, "product": 179, "amount": 1, "is_union_price": true, "total": "150.00", "date_created": "2017-11-08T10:20:21+08:00", "description": "\u82b9\u83dc\u7092\u8089 \u6e05\u7092\u56db\u5366 \u849c\u6ce5\u8304\u5b50 ", "code": "346"}}, {"model": "orderbot.teleorderitem", "pk": 149, "fields": {"order": 20, "user": 1, "product": 179, "amount": 1, "is_union_price": true, "total": "150.00", "date_created": "2017-11-08T10:23:11+08:00", "description": "\u82b9\u83dc\u7092\u8089 \u6e05\u7092\u56db\u5366 \u849c\u6ce5\u8304\u5b50 ", "code": "346"}}, {"model": "orderbot.teleorderitem", "pk": 150, "fields": {"order": 21, "user": 1, "product": 179, "amount": 1, "is_union_price": true, "total": "150.00", "date_created": "2017-11-08T10:23:38+08:00", "description": "\u82b9\u83dc\u7092\u8089 \u6e05\u7092\u56db\u5366 \u849c\u6ce5\u8304\u5b50 ", "code": "346"}}, {"model": "orderbot.teleorderitem", "pk": 151, "fields": {"order": 21, "user": 4, "product": 178, "amount": 1, "is_union_price": true, "total": "200.00", "date_created": "2017-11-08T10:24:04+08:00", "description": "\u725b\u8089\u7096\u571f\u8c46 \u82b9\u83dc\u7092\u8089 \u6c34\u84b8\u86cb ", "code": "235"}}, {"model": "orderbot.teleorderitem", "pk": 152, "fields": {"order": 22, "user": 6, "product": 2, "amount": 2, "is_union_price": false, "total": "80.00", "date_created": "2017-11-08T16:40:33+08:00", "description": "\u6c34\u714e\u5305*2", "code": ""}}, {"model": "orderbot.teleorderitem", "pk": 153, "fields": {"order": 22, "user": 3, "product": 2, "amount": 2, "is_union_price": false, "total": "80.00", "date_created": "2017-11-08T16:40:41+08:00", "description": "\u6c34\u714e\u5305*2", "code": ""}}, {"model": "orderbot.teleorderitem", "pk": 154, "fields": {"order": 22, "user": 3, "product": 9, "amount": 1, "is_union_price": false, "total": "40.00", "date_created": "2017-11-08T16:40:41+08:00", "description": "\u5730\u74dc\u7ca5*1", "code": ""}}, {"model": "orderbot.teleorderitem", "pk": 155, "fields": {"order": 22, "user": 1, "product": 3, "amount": 2, "is_union_price": false, "total": "80.00", "date_created": "2017-11-08T16:43:00+08:00", "description": "\u83dc\u9677\u5305\u5b50*2", "code": ""}}, {"model": "orderbot.teleorderitem", "pk": 156, "fields": {"order": 22, "user": 1, "product": 11, "amount": 1, "is_union_price": false, "total": "30.00", "date_created": "2017-11-08T16:43:00+08:00", "description": "\u767d\u7ca5*1", "code": ""}}, {"model": "orderbot.teleorderitem", "pk": 157, "fields": {"order": 22, "user": 7, "product": 1, "amount": 1, "is_union_price": false, "total": "40.00", "date_created": "2017-11-08T16:44:19+08:00", "description": "\u8c46\u6d46*1", "code": ""}}, {"model": "orderbot.teleorderitem", "pk": 158, "fields": {"order": 22, "user": 7, "product": 6, "amount": 1, "is_union_price": false, "total": "35.00", "date_created": "2017-11-08T16:44:19+08:00", "description": "\u9992\u5934*1", "code": ""}}, {"model": "orderbot.teleorderitem", "pk": 159, "fields": {"order": 22, "user": 5, "product": 5, "amount": 1, "is_union_price": false, "total": "50.00", "date_created": "2017-11-08T16:52:17+08:00", "description": "\u5b89\u5fc3\u6cb9\u6761*1", "code": ""}}, {"model": "orderbot.teleorderitem", "pk": 160, "fields": {"order": 22, "user": 2, "product": 2, "amount": 2, "is_union_price": false, "total": "80.00", "date_created": "2017-11-08T16:54:29+08:00", "description": "\u6c34\u714e\u5305*2", "code": ""}}, {"model": "orderbot.teleorderitem", "pk": 161, "fields": {"order": 22, "user": 2, "product": 12, "amount": 1, "is_union_price": false, "total": "40.00", "date_created": "2017-11-08T16:54:39+08:00", "description": "\u54b8\u83dc*1", "code": ""}}, {"model": "orderbot.teleorderitem", "pk": 162, "fields": {"order": 22, "user": 2, "product": 9, "amount": 1, "is_union_price": false, "total": "40.00", "date_created": "2017-11-08T16:54:50+08:00", "description": "\u5730\u74dc\u7ca5*1", "code": ""}}, {"model": "orderbot.teleorderitem", "pk": 167, "fields": {"order": 23, "user": 1, "product": 105, "amount": 2, "is_union_price": false, "total": "400.00", "date_created": "2017-11-09T09:17:43+08:00", "description": "\u5957\u9910\u4e00:\u85d5\u7247\uff0c\u6d77\u5e26\u4e1d\uff0c\u91d1\u9488\u83c7\uff0c\u9ed1\u6728\u8033\uff0c\u571f\u8c46\u7247\uff0c\u767d\u83dc\uff0c\u7389\u7c73\uff0c\u8150\u7af9\uff0c\u51ac\u74dc*1", "code": "A"}}, {"model": "orderbot.teleorderitem", "pk": 168, "fields": {"order": 23, "user": 1, "product": 115, "amount": 3, "is_union_price": false, "total": "450.00", "date_created": "2017-11-09T09:17:43+08:00", "description": "\u624b\u5de5\u9762*1", "code": "S7"}}, {"model": "orderbot.teleorderitem", "pk": 169, "fields": {"order": 23, "user": 1, "product": 108, "amount": 1, "is_union_price": false, "total": "250.00", "date_created": "2017-11-09T09:21:10+08:00", "description": "\u5957\u9910\u56db\uff1a\u9e21\u8089\uff0c\u725b\u8089\uff0c\u85d5\u7247\uff0c\u725b\u809a\uff0c\u9999\u83c7\u8d21\u4e38\uff0c\u706b\u817f\u80a0\uff0c\u8c46\u8150\u76ae\uff0c\u571f\u8c46\u7247\uff0c\u751f\u83dc*1", "code": "D"}}, {"model": "orderbot.teleorderitem", "pk": 170, "fields": {"order": 23, "user": 3, "product": 105, "amount": 1, "is_union_price": false, "total": "200.00", "date_created": "2017-11-09T09:21:17+08:00", "description": "\u5957\u9910\u4e00:\u85d5\u7247\uff0c\u6d77\u5e26\u4e1d\uff0c\u91d1\u9488\u83c7\uff0c\u9ed1\u6728\u8033\uff0c\u571f\u8c46\u7247\uff0c\u767d\u83dc\uff0c\u7389\u7c73\uff0c\u8150\u7af9\uff0c\u51ac\u74dc*1", "code": "A"}}, {"model": "orderbot.teleorderitem", "pk": 171, "fields": {"order": 23, "user": 3, "product": 109, "amount": 1, "is_union_price": false, "total": "0.00", "date_created": "2017-11-09T09:21:17+08:00", "description": "\u7c73\u996d*1", "code": "S1"}}, {"model": "orderbot.teleorderitem", "pk": 172, "fields": {"order": 23, "user": 4, "product": 105, "amount": 1, "is_union_price": false, "total": "200.00", "date_created": "2017-11-09T09:27:23+08:00", "description": "\u5957\u9910\u4e00:\u85d5\u7247\uff0c\u6d77\u5e26\u4e1d\uff0c\u91d1\u9488\u83c7\uff0c\u9ed1\u6728\u8033\uff0c\u571f\u8c46\u7247\uff0c\u767d\u83dc\uff0c\u7389\u7c73\uff0c\u8150\u7af9\uff0c\u51ac\u74dc*1", "code": "A"}}, {"model": "orderbot.teleorderitem", "pk": 173, "fields": {"order": 23, "user": 4, "product": 114, "amount": 1, "is_union_price": false, "total": "0.00", "date_created": "2017-11-09T09:27:23+08:00", "description": "\u6ce1\u9762*1", "code": "S6"}}, {"model": "orderbot.teleorderitem", "pk": 175, "fields": {"order": 23, "user": 7, "product": 105, "amount": 1, "is_union_price": false, "total": "200.00", "date_created": "2017-11-09T09:34:58+08:00", "description": "\u5957\u9910\u4e00:\u85d5\u7247\uff0c\u6d77\u5e26\u4e1d\uff0c\u91d1\u9488\u83c7\uff0c\u9ed1\u6728\u8033\uff0c\u571f\u8c46\u7247\uff0c\u767d\u83dc\uff0c\u7389\u7c73\uff0c\u8150\u7af9\uff0c\u51ac\u74dc*1", "code": "A"}}, {"model": "orderbot.teleorderitem", "pk": 176, "fields": {"order": 23, "user": 7, "product": 112, "amount": 1, "is_union_price": false, "total": "0.00", "date_created": "2017-11-09T09:34:58+08:00", "description": "\u53f0\u6e7e\u7c73\u7ebf*1", "code": "S4"}}, {"model": "orderbot.teleorderitem", "pk": 177, "fields": {"order": 24, "user": 1, "product": 134, "amount": 1, "is_union_price": false, "total": "60.00", "date_created": "2017-11-09T15:59:29+08:00", "description": "\u76ae\u86cb\u7626\u8089\u7ca5*1", "code": ""}}, {"model": "orderbot.teleorderitem", "pk": 178, "fields": {"order": 24, "user": 1, "product": 146, "amount": 2, "is_union_price": false, "total": "100.00", "date_created": "2017-11-09T15:59:29+08:00", "description": "\u5927\u83dc*2", "code": ""}}, {"model": "orderbot.teleorderitem", "pk": 179, "fields": {"order": 24, "user": 2, "product": 136, "amount": 1, "is_union_price": false, "total": "60.00", "date_created": "2017-11-09T16:07:06+08:00", "description": "\u54b8\u8c46\u8150\u8111*1", "code": ""}}, {"model": "orderbot.teleorderitem", "pk": 180, "fields": {"order": 24, "user": 3, "product": 138, "amount": 1, "is_union_price": false, "total": "30.00", "date_created": "2017-11-09T16:07:09+08:00", "description": "\u8336\u53f6\u86cb*1", "code": ""}}, {"model": "orderbot.teleorderitem", "pk": 181, "fields": {"order": 24, "user": 3, "product": 145, "amount": 2, "is_union_price": false, "total": "80.00", "date_created": "2017-11-09T16:07:09+08:00", "description": "\u8089\u714e\u5305*2", "code": ""}}, {"model": "orderbot.teleorderitem", "pk": 182, "fields": {"order": 24, "user": 2, "product": 145, "amount": 2, "is_union_price": false, "total": "80.00", "date_created": "2017-11-09T16:08:06+08:00", "description": "\u8089\u714e\u5305*2", "code": ""}}, {"model": "orderbot.teleorderitem", "pk": 183, "fields": {"order": 24, "user": 4, "product": 152, "amount": 1, "is_union_price": false, "total": "100.00", "date_created": "2017-11-09T16:08:45+08:00", "description": "\u714e\u997c\u679c\u5b50*1", "code": ""}}, {"model": "orderbot.teleorderitem", "pk": 184, "fields": {"order": 24, "user": 3, "product": 153, "amount": 1, "is_union_price": false, "total": "100.00", "date_created": "2017-11-09T16:08:54+08:00", "description": "\u70e4\u51b7\u9762\uff08\u5c0f\uff09*1", "code": ""}}, {"model": "orderbot.teleorderitem", "pk": 185, "fields": {"order": 24, "user": 3, "product": 136, "amount": 1, "is_union_price": false, "total": "60.00", "date_created": "2017-11-09T16:08:54+08:00", "description": "\u54b8\u8c46\u8150\u8111*1", "code": ""}}, {"model": "orderbot.teleorderitem", "pk": 186, "fields": {"order": 24, "user": 4, "product": 142, "amount": 1, "is_union_price": false, "total": "35.00", "date_created": "2017-11-09T16:09:52+08:00", "description": "\u5976\u9ec4\u5305*1", "code": ""}}, {"model": "orderbot.teleorderitem", "pk": 187, "fields": {"order": 24, "user": 4, "product": 143, "amount": 1, "is_union_price": false, "total": "35.00", "date_created": "2017-11-09T16:09:52+08:00", "description": "\u7d2b\u85af\u5305*1", "code": ""}}, {"model": "orderbot.teleorderitem", "pk": 188, "fields": {"order": 24, "user": 2, "product": 138, "amount": 1, "is_union_price": false, "total": "30.00", "date_created": "2017-11-09T16:09:53+08:00", "description": "\u8336\u53f6\u86cb*1", "code": ""}}, {"model": "orderbot.teleorderitem", "pk": 189, "fields": {"order": 24, "user": 6, "product": 140, "amount": 2, "is_union_price": false, "total": "70.00", "date_created": "2017-11-09T16:12:00+08:00", "description": "\u9992\u5934*2", "code": ""}}, {"model": "orderbot.teleorderitem", "pk": 190, "fields": {"order": 24, "user": 6, "product": 136, "amount": 1, "is_union_price": false, "total": "60.00", "date_created": "2017-11-09T16:41:46+08:00", "description": "\u54b8\u8c46\u8150\u8111*1", "code": ""}}, {"model": "orderbot.teleorderitem", "pk": 191, "fields": {"order": 24, "user": 1, "product": 136, "amount": 0, "is_union_price": false, "total": "0.00", "date_created": "2017-11-09T16:49:54+08:00", "description": "\u54b8\u8c46\u8150\u8111*0", "code": ""}}, {"model": "orderbot.teleorderitem", "pk": 192, "fields": {"order": 25, "user": 4, "product": 78, "amount": 1, "is_union_price": false, "total": "150.00", "date_created": "2017-11-10T09:44:15+08:00", "description": "\u626c\u5dde\u7092\u996d*1", "code": "C1"}}, {"model": "orderbot.teleorderitem", "pk": 193, "fields": {"order": 25, "user": 3, "product": 71, "amount": 1, "is_union_price": false, "total": "150.00", "date_created": "2017-11-10T09:44:48+08:00", "description": "\u7d20\u7092\u997c*1", "code": "B2"}}, {"model": "orderbot.teleorderitem", "pk": 194, "fields": {"order": 25, "user": 1, "product": 71, "amount": 1, "is_union_price": false, "total": "150.00", "date_created": "2017-11-10T09:46:35+08:00", "description": "\u7d20\u7092\u997c*1", "code": "B2"}}, {"model": "orderbot.teleorderitem", "pk": 195, "fields": {"order": 26, "user": 1, "product": 183, "amount": 1, "is_union_price": true, "total": "150.00", "date_created": "2017-11-16T10:06:06+08:00", "description": "\u8fa3\u5b50\u9e21 \u6e05\u7092\u767d\u83dc \u9178\u8fa3\u571f\u8c46\u4e1d ", "code": "146"}}, {"model": "orderbot.teleorderitem", "pk": 196, "fields": {"order": 26, "user": 3, "product": 184, "amount": 1, "is_union_price": true, "total": "150.00", "date_created": "2017-11-16T10:06:45+08:00", "description": "\u897f\u5170\u82b1\u56de\u9505\u8089 \u6e05\u7092\u767d\u83dc \u9178\u8fa3\u571f\u8c46\u4e1d ", "code": "246"}}, {"model": "orderbot.teleorderitem", "pk": 197, "fields": {"order": 26, "user": 4, "product": 185, "amount": 1, "is_union_price": true, "total": "150.00", "date_created": "2017-11-16T10:07:00+08:00", "description": "\u82b9\u83dc\u7092\u8089 \u7092\u5357\u74dc \u9178\u8fa3\u571f\u8c46\u4e1d ", "code": "356"}}, {"model": "orderbot.teleorderitem", "pk": 198, "fields": {"order": 26, "user": 1, "product": 183, "amount": 1, "is_union_price": true, "total": "150.00", "date_created": "2017-11-16T10:07:09+08:00", "description": "\u8fa3\u5b50\u9e21 \u6e05\u7092\u767d\u83dc \u9178\u8fa3\u571f\u8c46\u4e1d ", "code": "146"}}, {"model": "orderbot.teleorderitem", "pk": 199, "fields": {"order": 26, "user": 7, "product": 184, "amount": 1, "is_union_price": true, "total": "150.00", "date_created": "2017-11-16T10:14:32+08:00", "description": "\u897f\u5170\u82b1\u56de\u9505\u8089 \u6e05\u7092\u767d\u83dc \u7092\u5357\u74dc ", "code": "245"}}, {"model": "orderbot.teleorderitem", "pk": 201, "fields": {"order": 27, "user": 5, "product": 152, "amount": 1, "is_union_price": false, "total": "100.00", "date_created": "2017-11-16T15:31:09+08:00", "description": "\u714e\u997c\u679c\u5b50*1", "code": ""}}, {"model": "orderbot.teleorderitem", "pk": 202, "fields": {"order": 27, "user": 4, "product": 135, "amount": 1, "is_union_price": false, "total": "60.00", "date_created": "2017-11-16T15:32:45+08:00", "description": "\u8c46\u6d46*1", "code": ""}}, {"model": "orderbot.teleorderitem", "pk": 203, "fields": {"order": 27, "user": 4, "product": 140, "amount": 1, "is_union_price": false, "total": "35.00", "date_created": "2017-11-16T15:32:45+08:00", "description": "\u9992\u5934*1", "code": ""}}, {"model": "orderbot.teleorderitem", "pk": 204, "fields": {"order": 27, "user": 4, "product": 146, "amount": 1, "is_union_price": false, "total": "50.00", "date_created": "2017-11-16T15:32:45+08:00", "description": "\u5927\u83dc\u5305*1", "code": ""}}, {"model": "orderbot.teleorderitem", "pk": 205, "fields": {"order": 27, "user": 3, "product": 152, "amount": 1, "is_union_price": false, "total": "100.00", "date_created": "2017-11-16T15:33:55+08:00", "description": "\u714e\u997c\u679c\u5b50*1", "code": ""}}, {"model": "orderbot.teleorderitem", "pk": 206, "fields": {"order": 27, "user": 3, "product": 146, "amount": 1, "is_union_price": false, "total": "50.00", "date_created": "2017-11-16T15:33:55+08:00", "description": "\u5927\u83dc\u5305*1", "code": ""}}, {"model": "orderbot.teleorderitem", "pk": 207, "fields": {"order": 27, "user": 6, "product": 145, "amount": 1, "is_union_price": false, "total": "40.00", "date_created": "2017-11-16T15:34:08+08:00", "description": "\u8089\u714e\u5305*1", "code": ""}}, {"model": "orderbot.teleorderitem", "pk": 208, "fields": {"order": 27, "user": 6, "product": 146, "amount": 1, "is_union_price": false, "total": "50.00", "date_created": "2017-11-16T15:34:08+08:00", "description": "\u5927\u83dc\u5305*1", "code": ""}}, {"model": "orderbot.teleorderitem", "pk": 209, "fields": {"order": 27, "user": 2, "product": 136, "amount": 1, "is_union_price": false, "total": "60.00", "date_created": "2017-11-16T15:34:19+08:00", "description": "\u54b8\u8c46\u8150\u8111*1", "code": ""}}, {"model": "orderbot.teleorderitem", "pk": 210, "fields": {"order": 27, "user": 2, "product": 152, "amount": 1, "is_union_price": false, "total": "100.00", "date_created": "2017-11-16T15:34:44+08:00", "description": "\u714e\u997c\u679c\u5b50*1", "code": ""}}, {"model": "orderbot.teleorderitem", "pk": 211, "fields": {"order": 27, "user": 1, "product": 146, "amount": 2, "is_union_price": false, "total": "100.00", "date_created": "2017-11-16T15:43:09+08:00", "description": "\u5927\u83dc\u5305*2", "code": ""}}, {"model": "orderbot.teleorderitem", "pk": 212, "fields": {"order": 27, "user": 1, "product": 136, "amount": 1, "is_union_price": false, "total": "60.00", "date_created": "2017-11-16T15:43:09+08:00", "description": "\u54b8\u8c46\u8150\u8111*1", "code": ""}}, {"model": "orderbot.teleorderitem", "pk": 213, "fields": {"order": 27, "user": 6, "product": 136, "amount": 1, "is_union_price": false, "total": "60.00", "date_created": "2017-11-16T15:43:37+08:00", "description": "\u54b8\u8c46\u8150\u8111*1", "code": ""}}, {"model": "orderbot.teleorderitem", "pk": 214, "fields": {"order": 27, "user": 7, "product": 135, "amount": 1, "is_union_price": false, "total": "60.00", "date_created": "2017-11-16T15:45:06+08:00", "description": "\u8c46\u6d46*1", "code": ""}}, {"model": "orderbot.teleorderitem", "pk": 215, "fields": {"order": 27, "user": 7, "product": 140, "amount": 1, "is_union_price": false, "total": "35.00", "date_created": "2017-11-16T15:45:06+08:00", "description": "\u9992\u5934*1", "code": ""}}, {"model": "orderbot.teleorderitem", "pk": 216, "fields": {"order": 28, "user": 1, "product": 1, "amount": 1, "is_union_price": false, "total": "40.00", "date_created": "2017-11-16T15:55:29+08:00", "description": "\u8c46\u6d46*1", "code": ""}}, {"model": "orderbot.teleorderitem", "pk": 217, "fields": {"order": 30, "user": 3, "product": 49, "amount": 1, "is_union_price": true, "total": "160.00", "date_created": "2017-11-17T09:22:04+08:00", "description": "\u571f\u8c46\u70e7\u725b\u8089 \u6e05\u7092\u8c46\u8150\u76ae \u8471\u7206\u8304\u6761 ", "code": "A1C1C3"}}, {"model": "orderbot.teleorderitem", "pk": 218, "fields": {"order": 30, "user": 1, "product": 49, "amount": 1, "is_union_price": true, "total": "160.00", "date_created": "2017-11-17T09:23:40+08:00", "description": "\u571f\u8c46\u70e7\u725b\u8089 \u82b9\u83dc\u7092\u8089 \u6e05\u7092\u8c46\u8150\u76ae ", "code": "A1B3C1"}}, {"model": "orderbot.teleorderitem", "pk": 219, "fields": {"order": 30, "user": 1, "product": 49, "amount": 1, "is_union_price": true, "total": "160.00", "date_created": "2017-11-17T09:24:20+08:00", "description": "\u571f\u8c46\u70e7\u725b\u8089 \u82b9\u83dc\u7092\u8089 \u6e05\u7092\u8c46\u8150\u76ae ", "code": "A1B3C1"}}, {"model": "orderbot.teleorderitem", "pk": 220, "fields": {"order": 30, "user": 7, "product": 52, "amount": 1, "is_union_price": true, "total": "160.00", "date_created": "2017-11-17T09:26:36+08:00", "description": "\u897f\u7ea2\u67ff\u7092\u9e21\u86cb \u82b9\u83dc\u7092\u8089 \u5c0f\u9752\u83dc ", "code": "B1B3C2"}}, {"model": "orderbot.teleorderitem", "pk": 221, "fields": {"order": 30, "user": 4, "product": 52, "amount": 1, "is_union_price": true, "total": "160.00", "date_created": "2017-11-17T09:33:17+08:00", "description": "\u897f\u7ea2\u67ff\u7092\u9e21\u86cb \u82b9\u83dc\u7092\u8089 \u8471\u7206\u8304\u6761 ", "code": "B1B3C3"}}, {"model": "orderbot.telebalancehistory", "pk": 1, "fields": {"user": 1, "order": 20, "group": 3, "before": "1520.00", "after": "1400.00", "diff": "120.00", "category": "create_orderitem", "remarks": "", "created_by": "System", "date_created": "2017-11-08T09:45:08+08:00"}}, {"model": "orderbot.telebalancehistory", "pk": 2, "fields": {"user": 1, "order": 20, "group": 3, "before": "1400.00", "after": "1520.00", "diff": "120.00", "category": "cancel_order", "remarks": "", "created_by": "System", "date_created": "2017-11-08T09:57:32+08:00"}}, {"model": "orderbot.telebalancehistory", "pk": 3, "fields": {"user": 1, "order": 21, "group": 2, "before": "98970.00", "after": "98970.00", "diff": "0.00", "category": "create_orderitem", "remarks": "", "created_by": "System", "date_created": "2017-11-08T10:02:58+08:00"}}, {"model": "orderbot.telebalancehistory", "pk": 4, "fields": {"user": 7, "order": 21, "group": 2, "before": "235.00", "after": "235.00", "diff": "0.00", "category": "create_orderitem", "remarks": "", "created_by": "System", "date_created": "2017-11-08T10:03:47+08:00"}}, {"model": "orderbot.telebalancehistory", "pk": 5, "fields": {"user": 3, "order": 21, "group": 2, "before": "560.00", "after": "410.00", "diff": "150.00", "category": "create_orderitem", "remarks": "", "created_by": "System", "date_created": "2017-11-08T10:10:29+08:00"}}, {"model": "orderbot.telebalancehistory", "pk": 6, "fields": {"user": 3, "order": 21, "group": 2, "before": "410.00", "after": "210.00", "diff": "200.00", "category": "create_orderitem", "remarks": "", "created_by": "System", "date_created": "2017-11-08T10:11:01+08:00"}}, {"model": "orderbot.telebalancehistory", "pk": 7, "fields": {"user": 1, "order": 21, "group": 2, "before": "98970.00", "after": "98970.00", "diff": "0.00", "category": "cancel_order", "remarks": "", "created_by": "System", "date_created": "2017-11-08T10:11:03+08:00"}}, {"model": "orderbot.telebalancehistory", "pk": 8, "fields": {"user": 7, "order": 21, "group": 2, "before": "235.00", "after": "235.00", "diff": "0.00", "category": "cancel_order", "remarks": "", "created_by": "System", "date_created": "2017-11-08T10:17:43+08:00"}}, {"model": "orderbot.telebalancehistory", "pk": 9, "fields": {"user": 7, "order": 21, "group": 2, "before": "235.00", "after": "85.00", "diff": "150.00", "category": "create_orderitem", "remarks": "", "created_by": "System", "date_created": "2017-11-08T10:18:16+08:00"}}, {"model": "orderbot.telebalancehistory", "pk": 10, "fields": {"user": 1, "order": 21, "group": 2, "before": "98970.00", "after": "98820.00", "diff": "150.00", "category": "create_orderitem", "remarks": "", "created_by": "System", "date_created": "2017-11-08T10:20:21+08:00"}}, {"model": "orderbot.telebalancehistory", "pk": 11, "fields": {"user": 1, "order": 20, "group": 3, "before": "1520.00", "after": "1370.00", "diff": "150.00", "category": "create_orderitem", "remarks": "", "created_by": "System", "date_created": "2017-11-08T10:23:11+08:00"}}, {"model": "orderbot.telebalancehistory", "pk": 12, "fields": {"user": 1, "order": 21, "group": 2, "before": "98820.00", "after": "98670.00", "diff": "150.00", "category": "create_orderitem", "remarks": "", "created_by": "System", "date_created": "2017-11-08T10:23:38+08:00"}}, {"model": "orderbot.telebalancehistory", "pk": 13, "fields": {"user": 4, "order": 21, "group": 2, "before": "760.00", "after": "560.00", "diff": "200.00", "category": "create_orderitem", "remarks": "", "created_by": "System", "date_created": "2017-11-08T10:24:04+08:00"}}, {"model": "orderbot.telebalancehistory", "pk": 14, "fields": {"user": 6, "order": 22, "group": 2, "before": "-1495.00", "after": "-1575.00", "diff": "80.00", "category": "create_orderitem", "remarks": "", "created_by": "System", "date_created": "2017-11-08T16:40:33+08:00"}}, {"model": "orderbot.telebalancehistory", "pk": 15, "fields": {"user": 3, "order": 22, "group": 2, "before": "210.00", "after": "90.00", "diff": "120.00", "category": "create_orderitem", "remarks": "", "created_by": "System", "date_created": "2017-11-08T16:40:41+08:00"}}, {"model": "orderbot.telebalancehistory", "pk": 16, "fields": {"user": 1, "order": 22, "group": 2, "before": "98670.00", "after": "98560.00", "diff": "110.00", "category": "create_orderitem", "remarks": "", "created_by": "System", "date_created": "2017-11-08T16:43:00+08:00"}}, {"model": "orderbot.telebalancehistory", "pk": 17, "fields": {"user": 7, "order": 22, "group": 2, "before": "85.00", "after": "10.00", "diff": "75.00", "category": "create_orderitem", "remarks": "", "created_by": "System", "date_created": "2017-11-08T16:44:19+08:00"}}, {"model": "orderbot.telebalancehistory", "pk": 18, "fields": {"user": 5, "order": 22, "group": 2, "before": "505.00", "after": "455.00", "diff": "50.00", "category": "create_orderitem", "remarks": "", "created_by": "System", "date_created": "2017-11-08T16:52:17+08:00"}}, {"model": "orderbot.telebalancehistory", "pk": 19, "fields": {"user": 2, "order": 22, "group": 2, "before": "1135.00", "after": "1055.00", "diff": "80.00", "category": "create_orderitem", "remarks": "", "created_by": "System", "date_created": "2017-11-08T16:54:29+08:00"}}, {"model": "orderbot.telebalancehistory", "pk": 20, "fields": {"user": 2, "order": 22, "group": 2, "before": "1055.00", "after": "1015.00", "diff": "40.00", "category": "create_orderitem", "remarks": "", "created_by": "System", "date_created": "2017-11-08T16:54:39+08:00"}}, {"model": "orderbot.telebalancehistory", "pk": 21, "fields": {"user": 2, "order": 22, "group": 2, "before": "1015.00", "after": "975.00", "diff": "40.00", "category": "create_orderitem", "remarks": "", "created_by": "System", "date_created": "2017-11-08T16:54:50+08:00"}}, {"model": "orderbot.telebalancehistory", "pk": 22, "fields": {"user": 2, "order": null, "group": 2, "before": "975.00", "after": "-9025.00", "diff": "-10000.00", "category": "recharge", "remarks": "", "created_by": "Admin", "date_created": "2017-11-08T17:05:19+08:00"}}, {"model": "orderbot.telebalancehistory", "pk": 23, "fields": {"user": 2, "order": null, "group": 2, "before": "-9025.00", "after": "975.00", "diff": "10000.00", "category": "recharge", "remarks": "", "created_by": "Admin", "date_created": "2017-11-08T17:06:30+08:00"}}, {"model": "orderbot.telebalancehistory", "pk": 24, "fields": {"user": 1, "order": null, "group": 2, "before": "98560.00", "after": "108560.00", "diff": "10000.00", "category": "recharge", "remarks": "", "created_by": "Admin", "date_created": "2017-11-08T17:14:19+08:00"}}, {"model": "orderbot.telebalancehistory", "pk": 25, "fields": {"user": 6, "order": null, "group": 2, "before": "-1575.00", "after": "425.00", "diff": "2000.00", "category": "recharge", "remarks": "", "created_by": "Admin", "date_created": "2017-11-08T17:20:09+08:00"}}, {"model": "orderbot.telebalancehistory", "pk": 26, "fields": {"user": 3, "order": null, "group": 2, "before": "90.00", "after": "1090.00", "diff": "1000.00", "category": "recharge", "remarks": "", "created_by": "Admin", "date_created": "2017-11-09T09:06:48+08:00"}}, {"model": "orderbot.telebalancehistory", "pk": 27, "fields": {"user": 1, "order": 23, "group": 2, "before": "108560.00", "after": "108310.00", "diff": "250.00", "category": "create_orderitem", "remarks": "", "created_by": "System", "date_created": "2017-11-09T09:15:26+08:00"}}, {"model": "orderbot.telebalancehistory", "pk": 28, "fields": {"user": 3, "order": 23, "group": 2, "before": "1090.00", "after": "890.00", "diff": "200.00", "category": "create_orderitem", "remarks": "", "created_by": "System", "date_created": "2017-11-09T09:15:27+08:00"}}, {"model": "orderbot.telebalancehistory", "pk": 29, "fields": {"user": 3, "order": 23, "group": 2, "before": "890.00", "after": "1090.00", "diff": "200.00", "category": "cancel_order", "remarks": "", "created_by": "System", "date_created": "2017-11-09T09:16:30+08:00"}}, {"model": "orderbot.telebalancehistory", "pk": 30, "fields": {"user": 1, "order": 23, "group": 2, "before": "108310.00", "after": "108560.00", "diff": "250.00", "category": "cancel_order", "remarks": "", "created_by": "System", "date_created": "2017-11-09T09:16:34+08:00"}}, {"model": "orderbot.telebalancehistory", "pk": 31, "fields": {"user": 1, "order": 23, "group": 2, "before": "108560.00", "after": "108360.00", "diff": "200.00", "category": "create_orderitem", "remarks": "", "created_by": "System", "date_created": "2017-11-09T09:17:43+08:00"}}, {"model": "orderbot.telebalancehistory", "pk": 32, "fields": {"user": 1, "order": 23, "group": 2, "before": "108360.00", "after": "108110.00", "diff": "250.00", "category": "create_orderitem", "remarks": "", "created_by": "System", "date_created": "2017-11-09T09:21:10+08:00"}}, {"model": "orderbot.telebalancehistory", "pk": 33, "fields": {"user": 3, "order": 23, "group": 2, "before": "1090.00", "after": "890.00", "diff": "200.00", "category": "create_orderitem", "remarks": "", "created_by": "System", "date_created": "2017-11-09T09:21:17+08:00"}}, {"model": "orderbot.telebalancehistory", "pk": 34, "fields": {"user": 1, "order": 23, "group": 2, "before": "108110.00", "after": "107910.00", "diff": "200.00", "category": "create_orderitem", "remarks": "", "created_by": "System", "date_created": "2017-11-09T09:21:29+08:00"}}, {"model": "orderbot.telebalancehistory", "pk": 35, "fields": {"user": 4, "order": 23, "group": 2, "before": "560.00", "after": "360.00", "diff": "200.00", "category": "create_orderitem", "remarks": "", "created_by": "System", "date_created": "2017-11-09T09:27:23+08:00"}}, {"model": "orderbot.telebalancehistory", "pk": 36, "fields": {"user": 7, "order": 23, "group": 2, "before": "10.00", "after": "-190.00", "diff": "200.00", "category": "create_orderitem", "remarks": "", "created_by": "System", "date_created": "2017-11-09T09:27:40+08:00"}}, {"model": "orderbot.telebalancehistory", "pk": 37, "fields": {"user": 7, "order": 23, "group": 2, "before": "-190.00", "after": "10.00", "diff": "200.00", "category": "cancel_order", "remarks": "", "created_by": "System", "date_created": "2017-11-09T09:29:00+08:00"}}, {"model": "orderbot.telebalancehistory", "pk": 38, "fields": {"user": 7, "order": 23, "group": 2, "before": "10.00", "after": "-190.00", "diff": "200.00", "category": "create_orderitem", "remarks": "", "created_by": "System", "date_created": "2017-11-09T09:34:59+08:00"}}, {"model": "orderbot.telebalancehistory", "pk": 39, "fields": {"user": 1, "order": 24, "group": 2, "before": "107910.00", "after": "107750.00", "diff": "160.00", "category": "create_orderitem", "remarks": "", "created_by": "System", "date_created": "2017-11-09T15:59:29+08:00"}}, {"model": "orderbot.telebalancehistory", "pk": 40, "fields": {"user": 2, "order": 24, "group": 2, "before": "975.00", "after": "915.00", "diff": "60.00", "category": "create_orderitem", "remarks": "", "created_by": "System", "date_created": "2017-11-09T16:07:07+08:00"}}, {"model": "orderbot.telebalancehistory", "pk": 41, "fields": {"user": 3, "order": 24, "group": 2, "before": "890.00", "after": "780.00", "diff": "110.00", "category": "create_orderitem", "remarks": "", "created_by": "System", "date_created": "2017-11-09T16:07:09+08:00"}}, {"model": "orderbot.telebalancehistory", "pk": 42, "fields": {"user": 2, "order": 24, "group": 2, "before": "915.00", "after": "835.00", "diff": "80.00", "category": "create_orderitem", "remarks": "", "created_by": "System", "date_created": "2017-11-09T16:08:06+08:00"}}, {"model": "orderbot.telebalancehistory", "pk": 43, "fields": {"user": 4, "order": 24, "group": 2, "before": "360.00", "after": "260.00", "diff": "100.00", "category": "create_orderitem", "remarks": "", "created_by": "System", "date_created": "2017-11-09T16:08:45+08:00"}}, {"model": "orderbot.telebalancehistory", "pk": 44, "fields": {"user": 3, "order": 24, "group": 2, "before": "780.00", "after": "620.00", "diff": "160.00", "category": "create_orderitem", "remarks": "", "created_by": "System", "date_created": "2017-11-09T16:08:54+08:00"}}, {"model": "orderbot.telebalancehistory", "pk": 45, "fields": {"user": 4, "order": 24, "group": 2, "before": "260.00", "after": "190.00", "diff": "70.00", "category": "create_orderitem", "remarks": "", "created_by": "System", "date_created": "2017-11-09T16:09:52+08:00"}}, {"model": "orderbot.telebalancehistory", "pk": 46, "fields": {"user": 2, "order": 24, "group": 2, "before": "835.00", "after": "805.00", "diff": "30.00", "category": "create_orderitem", "remarks": "", "created_by": "System", "date_created": "2017-11-09T16:09:53+08:00"}}, {"model": "orderbot.telebalancehistory", "pk": 47, "fields": {"user": 6, "order": 24, "group": 2, "before": "425.00", "after": "355.00", "diff": "70.00", "category": "create_orderitem", "remarks": "", "created_by": "System", "date_created": "2017-11-09T16:12:00+08:00"}}, {"model": "orderbot.telebalancehistory", "pk": 48, "fields": {"user": 6, "order": 24, "group": 2, "before": "355.00", "after": "295.00", "diff": "60.00", "category": "create_orderitem", "remarks": "", "created_by": "System", "date_created": "2017-11-09T16:41:46+08:00"}}, {"model": "orderbot.telebalancehistory", "pk": 49, "fields": {"user": 6, "order": 24, "group": 2, "before": "295.00", "after": "295.00", "diff": "0.00", "category": "create_orderitem", "remarks": "", "created_by": "System", "date_created": "2017-11-09T16:42:03+08:00"}}, {"model": "orderbot.telebalancehistory", "pk": 50, "fields": {"user": 1, "order": 24, "group": 2, "before": "107750.00", "after": "107750.00", "diff": "0.00", "category": "create_orderitem", "remarks": "", "created_by": "System", "date_created": "2017-11-09T16:49:55+08:00"}}, {"model": "orderbot.telebalancehistory", "pk": 51, "fields": {"user": 4, "order": 25, "group": 2, "before": "190.00", "after": "40.00", "diff": "150.00", "category": "create_orderitem", "remarks": "", "created_by": "System", "date_created": "2017-11-10T09:44:15+08:00"}}, {"model": "orderbot.telebalancehistory", "pk": 52, "fields": {"user": 3, "order": 25, "group": 2, "before": "620.00", "after": "470.00", "diff": "150.00", "category": "create_orderitem", "remarks": "", "created_by": "System", "date_created": "2017-11-10T09:44:48+08:00"}}, {"model": "orderbot.telebalancehistory", "pk": 53, "fields": {"user": 1, "order": 25, "group": 2, "before": "107750.00", "after": "107600.00", "diff": "150.00", "category": "create_orderitem", "remarks": "", "created_by": "System", "date_created": "2017-11-10T09:46:35+08:00"}}, {"model": "orderbot.telebalancehistory", "pk": 54, "fields": {"user": 7, "order": null, "group": 2, "before": "-190.00", "after": "810.00", "diff": "1000.00", "category": "recharge", "remarks": "", "created_by": "Admin", "date_created": "2017-11-16T09:00:33+08:00"}}, {"model": "orderbot.telebalancehistory", "pk": 55, "fields": {"user": 1, "order": 26, "group": 2, "before": "107600.00", "after": "107450.00", "diff": "150.00", "category": "create_orderitem", "remarks": "", "created_by": "System", "date_created": "2017-11-16T10:06:06+08:00"}}, {"model": "orderbot.telebalancehistory", "pk": 56, "fields": {"user": 3, "order": 26, "group": 2, "before": "470.00", "after": "320.00", "diff": "150.00", "category": "create_orderitem", "remarks": "", "created_by": "System", "date_created": "2017-11-16T10:06:45+08:00"}}, {"model": "orderbot.telebalancehistory", "pk": 57, "fields": {"user": 4, "order": 26, "group": 2, "before": "40.00", "after": "-110.00", "diff": "150.00", "category": "create_orderitem", "remarks": "", "created_by": "System", "date_created": "2017-11-16T10:07:00+08:00"}}, {"model": "orderbot.telebalancehistory", "pk": 58, "fields": {"user": 1, "order": 26, "group": 2, "before": "107450.00", "after": "107300.00", "diff": "150.00", "category": "create_orderitem", "remarks": "", "created_by": "System", "date_created": "2017-11-16T10:07:09+08:00"}}, {"model": "orderbot.telebalancehistory", "pk": 59, "fields": {"user": 7, "order": 26, "group": 2, "before": "810.00", "after": "660.00", "diff": "150.00", "category": "create_orderitem", "remarks": "", "created_by": "System", "date_created": "2017-11-16T10:14:32+08:00"}}, {"model": "orderbot.telebalancehistory", "pk": 60, "fields": {"user": 6, "order": 27, "group": 2, "before": "295.00", "after": "195.00", "diff": "100.00", "category": "create_orderitem", "remarks": "", "created_by": "System", "date_created": "2017-11-16T15:26:01+08:00"}}, {"model": "orderbot.telebalancehistory", "pk": 61, "fields": {"user": 5, "order": 27, "group": 2, "before": "455.00", "after": "355.00", "diff": "100.00", "category": "create_orderitem", "remarks": "", "created_by": "System", "date_created": "2017-11-16T15:31:09+08:00"}}, {"model": "orderbot.telebalancehistory", "pk": 62, "fields": {"user": 4, "order": 27, "group": 2, "before": "-110.00", "after": "-255.00", "diff": "145.00", "category": "create_orderitem", "remarks": "", "created_by": "System", "date_created": "2017-11-16T15:32:45+08:00"}}, {"model": "orderbot.telebalancehistory", "pk": 63, "fields": {"user": 6, "order": 27, "group": 2, "before": "195.00", "after": "295.00", "diff": "100.00", "category": "cancel_order", "remarks": "", "created_by": "System", "date_created": "2017-11-16T15:33:48+08:00"}}, {"model": "orderbot.telebalancehistory", "pk": 64, "fields": {"user": 3, "order": 27, "group": 2, "before": "320.00", "after": "170.00", "diff": "150.00", "category": "create_orderitem", "remarks": "", "created_by": "System", "date_created": "2017-11-16T15:33:55+08:00"}}, {"model": "orderbot.telebalancehistory", "pk": 65, "fields": {"user": 6, "order": 27, "group": 2, "before": "295.00", "after": "205.00", "diff": "90.00", "category": "create_orderitem", "remarks": "", "created_by": "System", "date_created": "2017-11-16T15:34:08+08:00"}}, {"model": "orderbot.telebalancehistory", "pk": 66, "fields": {"user": 2, "order": 27, "group": 2, "before": "805.00", "after": "745.00", "diff": "60.00", "category": "create_orderitem", "remarks": "", "created_by": "System", "date_created": "2017-11-16T15:34:19+08:00"}}, {"model": "orderbot.telebalancehistory", "pk": 67, "fields": {"user": 2, "order": 27, "group": 2, "before": "745.00", "after": "645.00", "diff": "100.00", "category": "create_orderitem", "remarks": "", "created_by": "System", "date_created": "2017-11-16T15:34:44+08:00"}}, {"model": "orderbot.telebalancehistory", "pk": 68, "fields": {"user": 1, "order": 27, "group": 2, "before": "107300.00", "after": "107140.00", "diff": "160.00", "category": "create_orderitem", "remarks": "", "created_by": "System", "date_created": "2017-11-16T15:43:09+08:00"}}, {"model": "orderbot.telebalancehistory", "pk": 69, "fields": {"user": 6, "order": 27, "group": 2, "before": "205.00", "after": "145.00", "diff": "60.00", "category": "create_orderitem", "remarks": "", "created_by": "System", "date_created": "2017-11-16T15:43:37+08:00"}}, {"model": "orderbot.telebalancehistory", "pk": 70, "fields": {"user": 7, "order": 27, "group": 2, "before": "660.00", "after": "565.00", "diff": "95.00", "category": "create_orderitem", "remarks": "", "created_by": "System", "date_created": "2017-11-16T15:45:06+08:00"}}, {"model": "orderbot.telebalancehistory", "pk": 71, "fields": {"user": 1, "order": 28, "group": 3, "before": "1370.00", "after": "1330.00", "diff": "40.00", "category": "create_orderitem", "remarks": "", "created_by": "System", "date_created": "2017-11-16T15:55:29+08:00"}}, {"model": "orderbot.telebalancehistory", "pk": 72, "fields": {"user": 4, "order": null, "group": 2, "before": "-255.00", "after": "1745.00", "diff": "2000.00", "category": "recharge", "remarks": "", "created_by": "Admin", "date_created": "2017-11-17T09:18:15+08:00"}}, {"model": "orderbot.telebalancehistory", "pk": 73, "fields": {"user": 3, "order": 30, "group": 2, "before": "170.00", "after": "10.00", "diff": "160.00", "category": "create_orderitem", "remarks": "", "created_by": "System", "date_created": "2017-11-17T09:22:04+08:00"}}, {"model": "orderbot.telebalancehistory", "pk": 74, "fields": {"user": 1, "order": 30, "group": 2, "before": "107140.00", "after": "106980.00", "diff": "160.00", "category": "create_orderitem", "remarks": "", "created_by": "System", "date_created": "2017-11-17T09:23:40+08:00"}}, {"model": "orderbot.telebalancehistory", "pk": 75, "fields": {"user": 1, "order": 30, "group": 2, "before": "106980.00", "after": "106820.00", "diff": "160.00", "category": "create_orderitem", "remarks": "", "created_by": "System", "date_created": "2017-11-17T09:24:20+08:00"}}, {"model": "orderbot.telebalancehistory", "pk": 76, "fields": {"user": 7, "order": 30, "group": 2, "before": "565.00", "after": "405.00", "diff": "160.00", "category": "create_orderitem", "remarks": "", "created_by": "System", "date_created": "2017-11-17T09:26:36+08:00"}}, {"model": "orderbot.telebalancehistory", "pk": 77, "fields": {"user": 4, "order": 30, "group": 2, "before": "1745.00", "after": "1585.00", "diff": "160.00", "category": "create_orderitem", "remarks": "", "created_by": "System", "date_created": "2017-11-17T09:33:17+08:00"}}]